Time,Setpoint_C_,Rounded Setpoints,Mode,Indoor Temp [C],OutdoorTemp_C_,WindSpeed_m_s_,SolarIrradiation_W_m_2_,HeatSupply_kW_,Outdoor Unit [W],AHU and AUX1 [W],AUX2  [W]
12/18/2022 15:00,20,20,0,19.36051324,-3.3,5.15,365.62,6.06976781,2028.832889,70.92477778,0.382805556
12/18/2022 16:00,20,20,0,19.36357292,-3.04,5.14,248.8,6.310679577,2317.104583,103.1245694,0.375277778
12/18/2022 17:00,20,20,0,19.31929131,-4.24,3.04,100.4,6.434450637,2229.675778,85.61506944,0.357638889
12/18/2022 18:00,20,20,0,19.28034606,-5.38,2.77,3.93,7.363328451,2685.791639,116.9295833,0.356777778
12/18/2022 19:00,20.55555556,20.5,0,19.52779718,-6.11,2.9,0,9.086104223,3627.671694,946.2377361,643.4303194
12/18/2022 20:00,20.55555556,20.5,0,20.33956829,-6.81,3.17,0,12.42007529,3583.506194,2569.929069,2141.085306
12/18/2022 21:00,20.55555556,20.5,0,20.14157744,-7.5,3.34,0,9.996220486,3338.870375,183.6866389,0.394097222
12/18/2022 22:00,20.55555556,20.5,0,20.08688811,-7.9,3.07,0,9.581607664,3194.092972,163.0189722,0.399708333
12/18/2022 23:00,20.55555556,20.5,0,19.99373737,-7.98,2.82,0,9.000785189,3029.277444,146.78425,0.380541667
12/19/2022 0:00,20.55555556,20.5,0,19.97775835,-8.46,2.6,0,9.448828663,3361.580236,186.9305556,0.385861111
12/19/2022 1:00,20.55555556,20.5,0,19.90642397,-8.8,2.34,0,9.252159131,3396.167389,194.5249722,0.386611111
12/19/2022 2:00,20.55555556,20.5,0,19.8406044,-9.02,2.19,0,9.0677181,3537.883361,219.1555556,0.374819444
12/19/2022 3:00,20.55555556,20.5,0,19.82629113,-9.47,1.99,0,9.489372808,3454.395528,2208.920514,1843.516903
12/19/2022 4:00,20.55555556,20.5,0,20.050271,-9.72,1.76,0,9.854519002,3561.135681,224.0509583,0.417625
12/19/2022 5:00,20.55555556,20.5,0,19.89026034,-10.13,1.72,0,8.322740049,2946.742097,141.8067222,0.433583333
12/19/2022 6:00,20.55555556,20.5,0,19.64805671,-9.98,1.67,0,8.128997326,3035.075903,149.4822222,0.427652778
12/19/2022 7:00,20.55555556,20.5,0,19.78134727,-9.96,1.56,0,9.301121366,3847.594222,281.8133611,0.428763889
12/19/2022 8:00,20.55555556,20.5,0,19.74031657,-9.67,1.37,0,8.848790462,3997.739306,337.8039444,0.450583333
12/19/2022 9:00,20.55555556,20.5,0,19.66432012,-8.97,1.53,27.36,9.035661004,3539.240472,2165.614208,1771.603514
12/19/2022 10:00,20.55555556,20.5,0,20.01378011,-7.92,0.99,130.55,10.2633545,3892.288014,273.7267778,0.410847222
12/19/2022 11:00,20.55555556,20.5,0,19.87949949,-7.1,0.62,229.31,8.793955041,2983.170847,149.8454028,0.4275
12/19/2022 12:00,20.55555556,20.5,0,19.88983427,-5.22,0.41,364.43,8.708803924,2734.340833,127.683375,0.427097222
12/19/2022 13:00,20.55555556,20.5,0,19.98193372,-4.11,0.81,340.86,8.623633985,2622.369597,117.7838056,0.418944444
12/19/2022 14:00,20.55555556,20.5,0,20.02641032,-3.24,1.04,285.84,7.917249944,2297.790375,91.835125,0.415958333
12/19/2022 15:00,20.55555556,20.5,0,20.02806099,-2.46,0.73,232.8,7.04649538,1987.88225,69.59098611,0.436194444
12/19/2022 16:00,20.55555556,20.5,0,20.02181041,-1.97,0.49,173.05,7.267253607,2032.215569,72.67098611,0.398194444
12/19/2022 17:00,20.55555556,20.5,0,19.93996805,-2.14,0.23,71.7,7.166353302,1998.537347,69.71101389,0.415236111
12/19/2022 18:00,20.55555556,20.5,0,19.89330693,-3.21,1.12,2.88,7.396444248,2072.24375,75.811625,0.416777778
12/19/2022 19:00,20.55555556,20.5,0,20.00540425,-3.2,1.61,0,7.577458216,2168.089139,79.17669444,0.391388889
12/19/2022 20:00,20.55555556,20.5,0,20.04955976,-3.34,2.41,0,7.646432478,2207.738111,84.28775,0.399555556
12/19/2022 21:00,20.55555556,20.5,0,19.9740117,-3.81,2.73,0,7.3381373,2195.426569,80.49865278,0.376194444
12/19/2022 22:00,20.55555556,20.5,0,19.92085566,-3.57,3.04,0,7.668793596,2363.188986,94.12495833,0.396
12/19/2022 23:00,20.55555556,20.5,0,19.99539172,-3.53,2.78,0,7.729713524,2485.975167,104.5611667,0.359916667
12/20/2022 0:00,20.55555556,20.5,0,20.00996356,-3.75,2.92,0,8.052409206,2698.546278,121.7060278,0.403666667
12/20/2022 1:00,20.55555556,20.5,0,20.01510599,-3.7,3.01,0,7.297150504,2531.351819,110.2901111,0.411611111
12/20/2022 2:00,20.55555556,20.5,0,20.13283709,-3.68,2.72,0,6.527029539,1539.604778,1782.291625,1603.09175
12/20/2022 3:00,20.55555556,20.5,0,19.91095604,-3.84,2.28,0,7.61596632,2177.648569,79.94611111,0.339472222
12/20/2022 4:00,20.55555556,20.5,0,19.95650151,-3.91,1.7,0,7.867247232,2334.970347,89.71701389,0.376375
12/20/2022 5:00,20.55555556,20.5,0,19.94328607,-4.66,1.69,0,7.794842518,2450.728028,99.40945833,0.334402778
12/20/2022 6:00,20.55555556,20.5,0,19.79525471,-4.03,1.3,0,7.557980572,2616.750625,116.7033472,0.352041667
12/20/2022 7:00,20.55555556,20.5,0,20.14206183,-3.59,0.92,0,8.582925639,2164.541472,1778.602958,1585.676778
12/20/2022 8:00,20.55555556,20.5,0,19.95950773,-4.04,1.25,0,7.865998832,2321.355528,89.16927778,0.372333333
12/20/2022 9:00,20.55555556,20.5,0,19.96672878,-3.31,1.77,30.7,7.964693021,2526.722125,107.1402361,0.380875
12/20/2022 10:00,20.55555556,20.5,0,20.02482724,-1.23,1.43,142.34,8.320541207,2394.973819,1777.905819,1569.141306
12/20/2022 11:00,20.55555556,20.5,0,20.18666122,-0.14,0.77,252.71,6.811996365,1838.21925,66.84301389,0.345791667
12/20/2022 12:00,20.55555556,20.5,0,20.24274788,1.33,0.34,304.46,6.734675152,1721.449958,67.15401389,0.344763889
12/20/2022 13:00,20.55555556,20.5,0,20.12444989,2.47,0.44,378.16,5.095404006,1172.970708,57.17069444,0.386083333
12/20/2022 14:00,20.55555556,20.5,0,19.98168998,3.11,1.3,424.48,4.953075064,1106.207967,52.96804217,0.38686747
12/20/2022 15:00,20.55555556,20.5,0,20.09878011,3.71,2.05,362.03,5.615483134,1269.645755,53.25611635,0.441383648
12/20/2022 16:00,20.55555556,20.5,0,20.26361907,3.81,2.03,245.36,5.146711878,1114.624416,52.88944795,0.395205047
12/20/2022 17:00,20.55555556,20.5,0,20.17481197,0.7,2.37,99.66,4.657525278,1017.69423,51.09949686,0.412625786
12/20/2022 18:00,20.55555556,20.5,0,20.51137492,-1,2.44,4.19,9.142347661,2347.951577,1325.185599,1074.828375
12/20/2022 19:00,20.55555556,20.5,0,21.03721525,-1.78,2.42,0,1.037488094,377.7086207,38.09098746,5.673166144
12/20/2022 20:00,20.55555556,20.5,0,20.17431235,-2.23,2.13,0,4.768245996,1340.020346,50.33416667,0.370455975
12/20/2022 21:00,20.55555556,20.5,0,20.10820531,-2.68,2.08,0,5.480303103,1470.770848,55.28546311,0.364976452
12/20/2022 22:00,20.55555556,20.5,0,20.08733706,-3,1.97,0,5.786793788,1632.226185,61.87062794,0.422323391
12/20/2022 23:00,20.55555556,20.5,0,20.05643295,-2.92,1.93,0,6.218809759,1869.185833,63.96894654,0.376273585
12/21/2022 0:00,20.55555556,20.5,0,20.04202309,-2.58,2,0,6.284181748,2034.610346,66.34602201,0.421886792
12/21/2022 1:00,20.55555556,20.5,0,20.16136345,-2.69,1.94,0,7.19706004,1978.638693,1652.494283,1473.013118
12/21/2022 2:00,20.55555556,20.5,0,20.10651769,-4.59,1.92,0,5.767570716,1543.780251,57.64285714,0.447864992
12/21/2022 3:00,20.55555556,20.5,0,20.02939168,-4.63,1.8,0,6.78408488,2006.968315,67.37507087,0.40176378
12/21/2022 4:00,20.55555556,20.5,0,20.19935301,-4.55,1.94,0,6.837395869,1696.286714,1523.235755,1358.106714
12/21/2022 5:00,20.55555556,20.5,0,20.06070016,-3.87,2.48,0,5.648989969,1514.138344,57.73766562,0.491608833
12/21/2022 6:00,20.55555556,20.5,0,20.03649298,-3.61,2.05,0,5.490793483,1511.108849,60.78139205,0.445383523
12/21/2022 7:00,20.55555556,20.5,0,20.02179159,-3.28,1.66,0,6.854356697,1909.708959,1355.190934,1203.744671
12/21/2022 8:00,20.55555556,20.5,0,20.2122758,-3.24,1.84,0,5.417464218,1382.334019,241.1964207,170.8410989
12/21/2022 9:00,20.55555556,20.5,0,20.01606018,-2.54,2.28,18.84,6.181020443,1782.82566,62.32528302,0.435267296
12/21/2022 10:00,20.55555556,20.5,0,19.9385193,-1.71,2.49,71.79,6.208565978,1971.635846,66.15514107,0.405532915
12/21/2022 11:00,20.55555556,20.5,0,20.15181811,-1.21,2.41,153.79,6.16562483,1392.723152,1617.479907,1452.493556
12/21/2022 12:00,20.55555556,20.5,0,19.94245532,-0.6,2.32,190.73,6.943068553,1943.142097,66.70821596,0.430391236
12/21/2022 13:00,20.55555556,20.5,0,20.00536908,0.03,2.43,248.22,6.202444555,1755.37384,63.73308777,0.438103448
12/21/2022 14:00,20.55555556,20.5,0,19.98571873,0.94,2.79,263.76,5.804719934,1725.801792,63.07443396,0.365801887
12/21/2022 15:00,20.55555556,20.5,0,20.33044879,1.81,3.01,233.6,5.482253788,1283.187818,1517.52752,1361.032339
12/21/2022 16:00,20.55555556,20.5,0,20.21517303,2.34,2.56,148.25,4.315155369,1075.769795,45.82092913,0.378519685
12/21/2022 17:00,20.55555556,20.5,0,20.20938737,1.44,1.68,58.28,5.547086172,1303.394173,56.01207874,0.356913386
12/21/2022 18:00,20.55555556,20.5,0,20.15937306,0.78,2.35,2.76,5.257259977,1272.13684,53.89665094,0.362688679
12/21/2022 19:00,20.55555556,20.5,0,20.1405637,0.68,2.71,0,5.360854734,1301.11695,54.88963836,0.377248428
12/21/2022 20:00,20.55555556,20.5,0,20.1383411,0.51,3.04,0,5.652796474,1402.739483,56.44376176,0.389012539
12/21/2022 21:00,20.55555556,20.5,0,20.11883771,0.68,3.65,0,5.175685422,1317.89816,54.39138365,0.384811321
12/21/2022 22:00,20.55555556,20.5,0,20.12510848,0.9,4.06,0,5.431374327,1423.536116,58.0704717,0.384449686
12/21/2022 23:00,20.55555556,20.5,0,20.12646562,0.71,3.63,0,5.547254968,1614.698648,59.56672956,0.323852201
12/22/2022 0:00,20.55555556,20.5,0,20.36664747,-0.17,3.1,0,4.979034217,1142.372041,1588.782637,1444.680879
12/22/2022 1:00,20.55555556,20.5,0,20.06627149,-0.42,3.24,0,5.489352813,1373.495275,55.63653061,0.385353218
12/22/2022 2:00,20.55555556,20.5,0,19.98468375,0.01,3.4,0,5.193707165,1303.774969,54.21966981,0.397672956
12/22/2022 3:00,20.55555556,20.5,0,20.00663356,0.37,3.26,0,5.465077653,1414.995078,57.8881348,0.427115987
12/22/2022 4:00,20.55555556,20.5,0,19.94550062,0.56,3.12,0,5.722390995,1644.352666,59.50154574,0.437460568
12/22/2022 5:00,20.55555556,20.5,0,19.98469136,1.16,3.37,0,6.370589303,1971.124882,66.2788383,0.452323391
12/22/2022 6:00,20.55555556,20.5,0,20.20089369,1.65,2.98,0,5.751671119,1251.306688,1463.977567,1312.13529
12/22/2022 7:00,20.55555556,20.5,0,20.07049047,1.77,2.39,0,6.40035189,1604.767118,63.04840945,0.48896063
12/22/2022 8:00,20.55555556,20.5,0,19.98355044,1.26,2.4,0,5.66306824,1383.408695,59.48523585,0.429748428
12/22/2022 9:00,20.55555556,20.5,0,20.00396881,1.57,2.74,22.23,7.094861654,1832.376132,67.14663522,0.403930818
12/22/2022 10:00,20.55555556,20.5,0,20.07983151,2.66,2.89,67.04,5.742604765,1344.459812,58.94171115,0.378854003
12/22/2022 11:00,20.55555556,20.5,0,20.09484516,2.52,2.39,84.82,5.725688897,1333.108901,54.66398744,0.425321821
12/22/2022 12:00,20.55555556,20.5,0,20.18081761,2.52,1.52,79.83,5.69246116,1274.089984,55.74124214,0.397610063
12/22/2022 13:00,20.55555556,20.5,0,20.09710179,2.23,1.81,80.77,5.088686982,1164.765439,49.78161442,0.411050157
12/22/2022 14:00,20.55555556,20.5,0,20.14443281,1.11,2.31,87.9,5.290710019,1210.106861,55.07298107,0.407334385
12/22/2022 15:00,20.55555556,20.5,0,20.11713189,0.58,4.14,56.31,4.961303967,1199.568214,53.15486025,0.37386646
12/22/2022 16:00,20.55555556,20.5,0,20.10562529,-0.89,6.45,37.43,5.251564918,1522.469451,60.03304075,0.366865204
12/22/2022 17:00,20.55555556,20.5,0,19.9326868,-7.45,8.07,11.61,5.791818211,2184.605473,84.56190852,0.404747634
12/22/2022 18:00,20.55555556,20.5,0,19.86457316,-11.12,8.21,1.35,6.311165259,2791.644969,134.3160031,0.377382445
12/22/2022 19:00,20.55555556,20.5,0,19.93173495,-12.87,8.18,0,7.047213184,2288.889528,2470.876541,2223.239324
12/22/2022 20:00,20.55555556,20.5,0,19.52815022,-14.18,8.53,0,5.954016964,2444.053972,105.64281,0.380408163
12/22/2022 21:00,20.55555556,20.5,0,19.461018,-15.83,9.19,0,7.592214844,3589.430141,294.7886499,0.338854003
12/22/2022 22:00,20.55555556,20.5,0,19.55703755,-18.08,9.61,0,8.610734282,3687.663078,1627.953363,1193.965616
12/22/2022 23:00,20.55555556,20.5,0,19.25394003,-18.32,9.86,0,7.604056389,3844.200288,394.4287338,0.344935252
12/23/2022 0:00,20.55555556,20.5,0,19.32905181,-19.25,9.85,0,9.075663757,3779.994207,1716.428257,1255.369529
12/23/2022 1:00,20.55555556,20.5,0,19.78058455,-19.93,9.85,0,14.42997521,3470.546053,5223.076792,4566.210629
12/23/2022 2:00,20.55555556,20.5,0,20.0198875,-20.93,10.1,0,11.33485755,3771.216019,3208.707915,2667.474592
12/23/2022 3:00,20.55555556,20.5,0,19.53373814,-21.9,10.1,0,12.46630985,3682.959921,3968.614362,3382.639197
12/23/2022 4:00,20.55555556,20.5,0,20.04197274,-22.76,10.12,0,14.85424347,3228.570911,5575.057002,4906.289058
12/23/2022 5:00,20.55555556,20.5,0,20.03872334,-22.96,9.86,0,14.5585457,2915.550047,5316.719595,4657.574735
12/23/2022 6:00,20.55555556,20.5,0,19.97301919,-22.59,10.16,0,14.47220851,2882.598025,5336.800878,4673.844624
12/23/2022 7:00,20.55555556,20.5,0,20.01058035,-22.2,10.04,0,14.82135644,2829.639576,7119.066703,4967.615039
12/23/2022 8:00,20.55555556,20.5,0,20.76017034,-22.13,10.14,0,21.03915829,3274.767531,10131.28679,4748.434638
12/23/2022 9:00,20.46574519,20.5,0,20.12150838,-21.89,10.4,34.06,10.47854016,3308.373417,3443.683292,2501.274138
12/23/2022 10:00,20.11955495,20,0,20.39157556,-21.25,10.78,170.96,15.1357555,3107.368522,6529.585755,4969.727484
12/23/2022 11:00,20.55555556,20.5,0,21.00814711,-20.63,10.87,306.03,11.27282075,2613.994748,6751.299009,3161.104041
12/23/2022 12:00,20.55555556,20.5,0,19.18056525,-19.8,10.95,416.85,6.619787075,3473.865582,402.4564151,98.92383648
12/23/2022 13:00,20.55555556,20.5,0,19.76578274,-19.27,11.4,449.15,11.59320668,3668.643176,3346.913805,2805.991431
12/23/2022 14:00,20.55555556,20.5,0,19.80364172,-18.98,11.52,449.85,13.8630952,3556.073491,4861.629151,4211.926619
12/23/2022 15:00,20.55555556,20.5,0,20.32249748,-18.64,11.51,343.67,12.55876875,3791.695465,3638.465422,3076.535872
12/23/2022 16:00,20.55555556,20.5,0,19.83857831,-18.4,11.37,253.14,12.1830692,3738.431093,3597.544671,3021.715314
12/23/2022 17:00,20.55555556,20.5,0,20.34889432,-18.35,9.59,97.62,12.94335028,3594.715881,4328.798601,3720.434025
12/23/2022 18:00,20.55555556,20.5,0,19.64182368,-18.3,9.89,4.81,11.23083594,3730.873328,3222.879466,2673.836625
12/23/2022 19:00,20.55555556,20.5,0,20.49955804,-18.31,10.11,0,15.63765924,3734.696614,5346.976873,4673.994107
12/23/2022 20:00,20.55555556,20.5,0,19.68315475,-18.46,10.05,0,8.228479858,3590.088222,1697.117194,1284.628444
12/23/2022 21:00,20.55555556,20.5,0,20.15854335,-18.67,9.7,0,15.28267263,3662.951389,5317.347403,4647.612861
12/23/2022 22:00,20.55555556,20.5,0,20.05017871,-18.74,9.47,0,9.914695851,3692.07675,2686.955806,2185.376722
12/23/2022 23:00,20.55555556,20.5,0,19.72007386,-18.79,9.34,0,12.79249998,3439.182458,4594.645292,3978.301014
12/24/2022 0:00,20.55555556,20.5,0,19.9322005,-18.58,9.1,0,10.96174277,3694.486569,3153.856236,2627.095333
12/24/2022 1:00,20.55555556,20.5,0,19.58136639,-18.6,9.2,0,12.35115863,3572.817708,4058.680806,3472.199
12/24/2022 2:00,20.55555556,20.5,0,20.24158132,-18.2,9,0,15.01651757,3316.284444,5661.536972,4986.400583
12/24/2022 3:00,20.55555556,20.5,0,20.4957936,-17.97,9.23,0,15.10496805,3442.565167,5375.838458,4703.940181
12/24/2022 4:00,20.55555556,20.5,0,19.2701481,-17.6,9.16,0,7.268158686,3279.361208,1419.995347,1058.597667
12/24/2022 5:00,20.55555556,20.5,0,20.02984559,-18.14,7.52,0,14.55295798,3030.074236,5643.102014,4965.849236
12/24/2022 6:00,20.55555556,20.5,0,20.23469024,-18.09,7.71,0,12.0198783,3507.282792,3883.422611,3319.293444
12/24/2022 7:00,20.55555556,20.5,0,19.16407899,-17.99,7.51,0,8.531963682,3149.974972,3169.708208,2730.862417
12/24/2022 8:00,20.55555556,20.5,0,20.26988959,-17.72,7.8,0,16.12977667,3805.441264,5381.752083,4705.539125
12/24/2022 9:00,20.55555556,20.5,0,19.72057728,-17.07,8.15,24.85,9.078544414,3902.326819,1166.762528,746.5406111
12/24/2022 10:00,20.55555556,20.5,0,19.81787018,-15.85,8.2,142.62,13.55147799,3646.455639,4535.018292,3913.315028
12/24/2022 11:00,20.55555556,20.5,0,20.36069571,-14.87,8.54,267.65,12.02770523,3876.916,3001.873569,2487.980583
12/24/2022 12:00,20.55555556,20.5,0,19.57158808,-13.34,8.51,388.66,9.222471682,3998.220681,885.1719306,480.2720556
12/24/2022 13:00,20.55555556,20.5,0,20.131991,-12.15,8.77,443.25,10.35070131,3997.387556,1666.626167,1214.365139
12/24/2022 14:00,20.55555556,20.5,0,19.81261461,-11.27,8.61,408.38,8.709594617,4084.69266,380.6240845,0.409921753
12/24/2022 15:00,20.55555556,20.5,0,19.75987741,-10.1,8.58,381.15,8.559189762,4062.426248,382.2018838,0.407990581
12/24/2022 16:00,20.55555556,20.5,0,20.00270795,-9.51,8.69,259.92,10.0726352,3955.298885,1733.995573,1276.187786
12/24/2022 17:00,20.55555556,20.5,0,19.80214779,-9.87,7.18,112.31,8.37243161,3980.989151,375.4936635,0.42831761
12/24/2022 18:00,20.55555556,20.5,0,19.54475459,-10.47,7.5,5.87,8.438857254,4009.124144,380.9019466,0.394018838
12/24/2022 19:00,20.55555556,20.5,0,19.54048063,-10.83,7.64,0,8.321775328,3995.763339,380.1352126,0.409826772
12/24/2022 20:00,20.55555556,20.5,0,19.52535086,-11.36,7.86,0,8.379471658,4022.635471,381.1537647,0.400764706
12/24/2022 21:00,20.55555556,20.5,0,19.56408287,-11.98,7.96,0,10.20368363,4000.038851,1760.874448,1296.787703
12/24/2022 22:00,20.55555556,20.5,0,19.64533287,-12.52,7.91,0,8.615961223,4013.95906,587.5722414,198.8719749
12/24/2022 23:00,20.55555556,20.5,0,19.33591506,-12.83,7.83,0,8.236269817,4010.600267,380.9877708,0.328571429
12/25/2022 0:00,20.55555556,20.5,0,20.17545715,-13.26,7.6,0,12.80257464,3852.831612,3777.680532,3197.483693
12/25/2022 1:00,20.55555556,20.5,0,19.45976196,-13.59,7.17,0,7.705969873,3890.753192,376.0701258,0.311493711
12/25/2022 2:00,20.55555556,20.5,0,19.80514044,-13.92,6.8,0,10.99679072,3820.709104,2905.644025,2372.816038
12/25/2022 3:00,20.55555556,20.5,0,19.53800619,-14.42,6.57,0,9.737363083,3825.523574,2107.703307,1625.361755
12/25/2022 4:00,20.55555556,20.5,0,19.43102272,-14.67,6.48,0,8.02903607,3860.11978,722.2876766,324.944113
12/25/2022 5:00,20.55555556,20.5,0,19.36575173,-15.6,5.43,0,10.94427981,3512.206442,3821.167696,3285.926348
12/25/2022 6:00,20.55555556,20.5,0,20.06396438,-15.64,5.25,0,11.9471098,3882.150219,3116.405846,2572.438652
12/25/2022 7:00,20.55555556,20.5,0,19.27147838,-15.73,5.21,0,9.061734224,3588.38261,2274.01456,1799.042469
12/25/2022 8:00,20.55555556,20.5,0,20.23341087,-15.78,5.01,0,14.04354953,3862.608587,4269.613328,3665.231743
12/25/2022 9:00,20.55555556,20.5,0,19.34445219,-15.4,4.71,33.83,8.18539806,3927.718947,373.3585849,0.330220126
12/25/2022 10:00,20.55555556,20.5,0,20.09027681,-14.18,5.76,178.95,14.12487638,3853.353009,4335.317085,3715.494953
12/25/2022 11:00,20.55555556,20.5,0,19.75036856,-13.27,5.8,323.12,8.505892402,3972.558179,363.6241758,0.391036107
12/25/2022 12:00,20.55555556,20.5,0,19.72104671,-12.05,5.97,425.27,8.687714406,4032.988793,378.8033229,0.375344828
12/25/2022 13:00,20.55555556,20.5,0,19.88676676,-10.75,5.78,476.46,8.927631083,4100.825764,380.4297795,0.411165354
12/25/2022 14:00,20.55555556,20.5,0,20.08566659,-10,5.66,463.16,9.085692846,4124.456011,381.8386096,0.540224719
12/25/2022 15:00,20.55555556,20.5,0,20.24901527,-8.94,5.8,389.61,8.791114308,3848.982194,320.3515694,0.717125
12/25/2022 16:00,20.55555556,20.5,0,19.88259673,-8.46,6.22,265.71,6.559761699,2477.659708,107.3247778,0.6855
12/25/2022 17:00,20.55555556,20.5,0,19.71463481,-8.83,4.26,112.54,7.816677128,3106.626917,174.6385139,0.666458333
12/25/2022 18:00,20.55555556,20.5,0,19.91038277,-9.46,4.29,6.12,8.746360822,3706.193444,279.9511667,0.524736111
12/25/2022 19:00,20.55555556,20.5,0,19.8588509,-9.75,4.8,0,8.549638882,3687.706042,284.7175139,0.474263889
12/25/2022 20:00,20.55555556,20.5,0,19.67752578,-9.88,4.73,0,7.80951534,3269.094181,200.28875,0.427236111
12/25/2022 21:00,20.55555556,20.5,0,19.58237508,-10.05,4.43,0,8.189566991,3546.802583,259.2287361,0.415097222
12/25/2022 22:00,20.55555556,20.5,0,19.54162208,-9.74,4.07,0,7.997491097,3466.220333,240.7546111,0.406944444
12/25/2022 23:00,20.55555556,20.5,0,19.57755649,-9.77,4.23,0,8.451105658,3821.751528,333.2331528,0.433916667
12/26/2022 0:00,20.55555556,20.5,0,19.51341785,-9.07,4.42,0,8.510755721,3933.089097,375.3916667,0.429680556
12/26/2022 1:00,20.55555556,20.5,0,19.43650628,-8.44,4.16,0,8.581013576,3954.019042,353.8795694,0.479152778
12/26/2022 2:00,20.55555556,20.5,0,19.46152507,-7.77,3.48,0,8.557229467,3911.125639,356.4048194,0.434333333
12/26/2022 3:00,20.55555556,20.5,0,19.37222222,-7.17,2.8,0,8.58898767,3889.469875,353.7214861,0.4635
12/26/2022 4:00,20.55555556,20.5,0,19.44330693,-6.78,2.32,0,8.558204889,3889.850625,353.5017361,0.417666667
12/26/2022 5:00,20.55555556,20.5,0,19.44204801,-6.76,2.46,0,8.497044476,3901.839625,354.0026944,0.412583333
12/26/2022 6:00,20.55555556,20.5,0,20.02634434,-7.04,2.68,0,10.88825009,3841.292903,2153.452069,1699.078681
12/26/2022 7:00,20.55555556,20.5,0,19.74730945,-7.17,2.62,0,8.73554104,3958.857292,348.7236944,0.378388889
12/26/2022 8:00,20.55555556,20.5,0,19.65344119,-7.15,3.08,0,8.678124243,3937.895139,353.6473056,0.451527778
12/26/2022 9:00,20.55555556,20.5,0,19.65779564,-6.91,3.11,14.2,8.693617219,3945.536667,350.3778611,0.393805556
12/26/2022 10:00,20.55555556,20.5,0,20.02917928,-6.45,3.32,45.38,9.965875394,3593.769986,2231.537444,1837.646042
12/26/2022 11:00,20.55555556,20.5,0,19.82149184,-6.23,3.1,123.01,8.560300925,3491.14525,222.6802083,0.427541667
12/26/2022 12:00,20.55555556,20.5,0,19.7498954,-5.47,2.23,193.15,8.411627329,3613.846903,258.7055694,0.378138889
12/26/2022 13:00,20.55555556,20.5,0,20.00173004,-4.9,1.94,315.09,9.402128647,3138.745611,1828.463667,1539.065514
12/26/2022 14:00,20.55555556,20.5,0,19.70536439,-4.94,1.58,168.4,7.614139851,2919.202778,143.6861944,0.373333333
12/26/2022 15:00,20.55555556,20.5,0,19.64038745,-5.08,0.87,111.49,7.563272185,2984.563806,146.1557361,0.375236111
12/26/2022 16:00,20.55555556,20.5,0,19.80124541,-4.79,0.65,72.58,8.308269612,2873.252847,1692.9045,1446.045639
12/26/2022 17:00,20.55555556,20.5,0,19.82197023,-5.04,0.17,24.45,7.126444873,2464.258069,101.1398889,0.390777778
12/26/2022 18:00,20.55555556,20.5,0,19.71846921,-4.85,0.08,1.84,7.354228007,2773.748417,126.1654306,0.340138889
12/26/2022 19:00,20.55555556,20.5,0,19.90001938,-5.18,0.68,0,8.278938314,2727.450569,1738.489097,1504.226097
12/26/2022 20:00,20.55555556,20.5,0,19.79556564,-4.86,0.62,0,6.655470123,2325.158958,88.92223611,0.352430556
12/26/2022 21:00,20.55555556,20.5,0,19.65219584,-6.28,0.45,0,6.832920955,2634.617625,114.99975,0.347583333
12/26/2022 22:00,20.55555556,20.5,0,19.7534965,-6.47,1.52,0,7.454225132,2159.021556,1679.328528,1488.246847
12/26/2022 23:00,20.55555556,20.5,0,19.58541424,-6.51,1.94,0,7.392470924,2866.077014,132.4949722,0.360944444
12/27/2022 0:00,20.55555556,20.5,0,19.90257245,-6.3,1.84,0,8.445408135,2812.322153,1756.813292,1510.344153
12/27/2022 1:00,20.55555556,20.5,0,19.74105067,-7.87,2.12,0,6.692773431,2364.167889,96.10438889,0.390513889
12/27/2022 2:00,20.55555556,20.5,0,19.66574138,-7.9,2.32,0,6.970882888,2768.674111,125.3454028,0.362861111
12/27/2022 3:00,20.55555556,20.5,0,19.93475793,-7.81,2.29,0,7.88791725,2381.2135,1710.221,1506.341097
12/27/2022 4:00,20.55555556,20.5,0,19.72058459,-8.3,2.17,0,7.002191675,2607.076028,110.1686389,0.386902778
12/27/2022 5:00,20.55555556,20.5,0,19.70166202,-8.8,2.03,0,7.974870324,2826.471542,1754.962528,1513.135417
12/27/2022 6:00,20.55555556,20.5,0,19.79937151,-9.15,2.1,0,7.471663096,2747.097903,126.2654722,0.363569444
12/27/2022 7:00,20.55555556,20.5,0,19.63219114,-9.45,1.91,0,7.854121595,3234.392083,181.0024583,0.352
12/27/2022 8:00,20.55555556,20.5,0,19.91674442,-9.34,1.8,0,8.875711971,3062.859764,1875.085722,1590.433639
12/27/2022 9:00,20.55555556,20.5,0,19.64551746,-8.75,1.79,30.58,7.434328145,2939.221736,138.2897083,0.363
12/27/2022 10:00,20.55555556,20.5,0,19.58407641,-7.49,2.48,167.28,7.320808358,3077.408,425.5416667,233.334375
12/27/2022 11:00,20.55555556,20.5,0,19.9548416,-6.48,3.58,306.34,8.615821858,2840.615625,1511.120778,1289.628583
12/27/2022 12:00,20.55555556,20.5,0,19.82802155,-5.45,4.07,405.38,7.810796895,3062.214889,153.8800556,0.387180556
12/27/2022 13:00,20.55555556,20.5,0,19.95406936,-4.52,4.51,449.82,7.856457197,3134.406306,162.7865972,0.386652778
12/27/2022 14:00,20.55555556,20.5,0,20.04180136,-4,5.06,443.26,8.149688719,2724.380861,1837.262625,1601.121764
12/27/2022 15:00,20.55555556,20.5,0,20.06706071,-3.64,5.39,370.64,6.858422771,2224.456514,81.81488889,0.369944444
12/27/2022 16:00,20.55555556,20.5,0,20.00609622,-3.29,5.29,247.39,7.589266966,2616.919653,115.3491944,0.385916667
12/27/2022 17:00,20.55555556,20.5,0,20.01605369,-3.32,4.1,106.11,7.016116592,2480.619667,107.293125,0.389166667
12/27/2022 18:00,20.55555556,20.5,0,19.98939323,-3.45,4.38,6.12,7.472162961,2330.614694,1753.887625,1549.413333
12/27/2022 19:00,20.55555556,20.5,0,19.94928616,-3.46,5.34,0,5.956705747,1809.655264,68.8285,0.387055556
12/27/2022 20:00,20.55555556,20.5,0,19.85390286,-3.24,6.2,0,7.50485762,2637.840833,117.0168889,0.402472222
12/27/2022 21:00,20.55555556,20.5,0,19.9843272,-3.02,6.53,0,7.994079903,2685.891597,1691.249444,1465.553819
12/27/2022 22:00,20.55555556,20.5,0,20.06281306,-2.94,6.91,0,6.363702231,2027.905931,77.24340278,0.450972222
12/27/2022 23:00,20.55555556,20.5,0,19.96766302,-2.73,7.35,0,7.455100649,2663.824042,122.6628333,0.401861111
12/28/2022 0:00,20.55555556,20.5,0,20.0619679,-2.77,7.34,0,8.142077066,2716.919514,1745.478236,1514.676708
12/28/2022 1:00,20.55555556,20.5,0,19.97008397,-2.76,7.24,0,6.945791358,2261.92875,86.58993056,0.457444444
12/28/2022 2:00,20.55555556,20.5,0,19.88467193,-2.67,7.27,0,7.43929247,2713.895722,126.0404306,0.463555556
12/28/2022 3:00,20.55555556,20.5,0,20.05412399,-2.72,7.18,0,8.316033162,2433.913958,1719.021903,1508.335806
12/28/2022 4:00,20.55555556,20.5,0,19.84838722,-2.46,7.01,0,7.3943782,2503.554278,106.4710417,0.431722222
12/28/2022 5:00,20.55555556,20.5,0,20.00923737,-2.09,7.09,0,8.390142606,2705.271069,1675.130986,1446.467278
12/28/2022 6:00,20.55555556,20.5,0,19.94211034,-2.05,7,0,7.691596839,2501.52275,105.9779722,0.457263889
12/28/2022 7:00,20.55555556,20.5,0,19.93757463,-1.91,7.01,0,7.880501186,2899.243278,327.5580556,163.6385556
12/28/2022 8:00,20.55555556,20.5,0,20.12477467,-1.63,7.04,0,8.093280265,2225.850097,1503.658972,1330.750806
12/28/2022 9:00,20.55555556,20.5,0,19.99796568,-0.72,7.33,26.46,7.648693478,2628.073472,119.1708889,0.404819444
12/28/2022 10:00,20.55555556,20.5,0,20.25149184,1.41,6.95,156.41,7.364572717,1865.363931,1609.995375,1432.073417
12/28/2022 11:00,20.55555556,20.5,0,20.10472416,2.69,7.58,297.55,6.949197483,2052.734972,74.99626389,0.421138889
12/28/2022 12:00,20.55555556,20.5,0,20.23532495,4.62,8.14,404.1,6.318520105,1768.480667,70.42330556,0.462375
12/28/2022 13:00,20.55555556,20.5,0,20.35089355,6.2,8.41,453.01,4.220901506,1028.190972,52.25709722,0.445861111
12/28/2022 14:00,20.55555556,20.5,0,20.3120778,7.1,8.31,440.19,2.200822469,615.3314861,33.98163889,0.460986111
12/28/2022 15:00,20.55555556,20.5,0,20.20044771,7.98,7.58,375.33,1.744903263,511.0463889,29.01177778,0.397430556
12/28/2022 16:00,20.55555556,20.5,0,20.21296037,8.4,8.84,259.58,2.378332626,771.2096389,39.42165278,0.384583333
12/28/2022 17:00,20.55555556,20.5,0,20.23189689,7.48,7.97,112.89,3.271273106,682.6355833,37.92333333,0.396416667
12/28/2022 18:00,20.55555556,20.5,0,20.26833217,6.95,8.52,7.06,3.285246046,760.8580556,39.88802778,0.416055556
12/28/2022 19:00,20.55555556,20.5,0,20.21811476,7.03,9.15,0,4.155453516,840.1114722,42.86986111,0.409236111
12/28/2022 20:00,20.55555556,20.5,0,20.15496545,7.14,9.28,0,3.954704837,836.6278611,44.18322222,0.362736111
12/28/2022 21:00,20.55555556,20.5,0,20.17928904,7.32,9.1,0,4.086123662,853.1067917,45.69894444,0.371527778
12/28/2022 22:00,20.55555556,20.5,0,20.2031187,7.52,8.86,0,3.859595179,797.5736111,44.45075,0.352680556
12/28/2022 23:00,20.55555556,20.5,0,20.2217003,7.55,8.48,0,4.446429073,841.2783056,48.26213889,0.362069444
12/29/2022 0:00,20.55555556,20.5,0,20.26144746,7.75,8.13,0,4.494651858,901.3940972,49.08823611,0.344833333
12/29/2022 1:00,20.55555556,20.5,0,20.25328759,7.85,7.87,0,4.192761082,846.3936944,46.43605556,0.372652778
12/29/2022 2:00,20.55555556,20.5,0,20.22672087,7.81,7.81,0,4.107001749,839.576625,44.45798611,0.395388889
12/29/2022 3:00,20.55555556,20.5,0,20.1994939,8.41,7.94,0,3.745583388,736.458375,40.57584722,0.4345
12/29/2022 4:00,20.55555556,20.5,0,20.18870383,8.81,8.17,0,3.793571203,783.4211806,39.809,0.413986111
12/29/2022 5:00,20.55555556,20.5,0,20.20125597,8.85,8.54,0,3.746984009,754.8269722,38.51441667,0.409666667
12/29/2022 6:00,20.55555556,20.5,0,20.24679606,8.81,8.12,0,3.331860971,709.0185417,35.362,0.391083333
12/29/2022 7:00,20.55555556,20.5,0,20.26028534,9.21,7.74,0,3.003932236,621.1040417,34.3765,0.422805556
12/29/2022 8:00,20.55555556,20.5,0,20.3099309,9.89,7.81,0,3.348116502,709.4100139,37.58351389,0.411791667
12/29/2022 9:00,20.55555556,20.5,0,20.38336444,10.42,7.96,7.68,2.893655606,620.918625,32.670875,0.380402778
12/29/2022 10:00,20.55555556,20.5,0,20.46636385,11.6,8.21,40.27,2.868989052,667.7992639,32.50098611,0.415694444
12/29/2022 11:00,20.55555556,20.5,0,20.49482906,12.1,8.33,75.22,2.642164516,571.1664861,31.08595833,0.421125
12/29/2022 12:00,20.55555556,20.5,0,20.56231494,12.77,7.84,91.66,2.807485687,711.0933889,49.63545833,0.387722222
12/29/2022 13:00,20.55555556,20.5,0,20.49921911,13.09,8.2,126.28,1.569626106,515.2897639,33.08515278,0.376236111
12/29/2022 14:00,20.55555556,20.5,0,20.50800562,13.48,8.05,131.83,2.392432767,622.6179028,47.07304167,0.350444444
12/29/2022 15:00,20.55555556,20.5,0,20.78320504,13.74,8.07,125.3,0.833069926,339.4094861,30.56730556,0.425097222
12/29/2022 16:00,20.55555556,20.5,0,20.71755431,13.56,8.01,70.44,1.343280058,414.5966389,22.89890278,0.412277778
12/29/2022 17:00,20.55555556,20.5,0,20.82364025,13.11,7.15,38.12,1.12124389,462.1300278,43.33018056,0.410041667
12/29/2022 18:00,20.55555556,20.5,0,20.81741647,12.99,7.28,2.69,1.004401524,349.7068472,31.28865278,0.405513889
12/29/2022 19:00,20.55555556,20.5,0,20.69392385,13.14,7.73,0,1.263449361,417.6345556,22.25984722,0.396722222
12/29/2022 20:00,20.55555556,20.5,0,20.79918803,13.03,7.85,0,1.033627595,407.5125278,45.43444444,0.406944444
12/29/2022 21:00,20.55555556,20.5,0,20.81934517,13.06,7.87,0,0.588091749,258.49625,20.96355556,0.372833333
12/29/2022 22:00,20.55555556,20.5,0,20.76790987,13.25,8.02,0,1.303845324,406.5209722,22.24561111,0.462486111
12/29/2022 23:00,20.55555556,20.5,0,20.91699689,13.4,7.79,0,0.956429636,417.6700833,50.23966667,0.398916667
12/30/2022 0:00,20.55555556,20.5,0,20.86308331,13.45,7.48,0,0.596844737,291.30675,19.93023611,0.380527778
12/30/2022 1:00,20.55555556,20.5,0,20.73887723,13.6,7.47,0,1.150079073,348.9009861,20.33445833,0.444972222
12/30/2022 2:00,20.55555556,20.5,0,20.85347904,13.76,7.48,0,0.893929716,398.7798611,49.73555556,0.448013889
12/30/2022 3:00,20.55555556,20.5,0,20.74006216,13.87,7.34,0,0.537642385,248.4668889,20.48848611,0.441944444
12/30/2022 4:00,20.55555556,20.5,0,20.28014763,13.7,7.07,0,0.529064531,228.3038611,15.042125,0.464486111
12/30/2022 5:00,20.55555556,20.5,0,20.43588788,13.17,6.45,0,0.760531038,330.9992083,34.27740278,0.448694444
12/30/2022 6:00,20.55555556,20.5,0,20.66878251,13.51,6.22,0,0.701877542,327.3457222,35.91690278,0.442597222
12/30/2022 7:00,20.55555556,20.5,0,20.63637427,13.5,5.55,0,1.105805677,378.100375,20.40144444,0.401944444
12/30/2022 8:00,20.55555556,20.5,0,20.71514093,13.66,4.62,0,0.887222223,364.0910417,35.10226389,0.436125
12/30/2022 9:00,20.55555556,20.5,0,20.7502603,13.43,3.32,1.36,0.69499494,318.4246111,35.94663889,0.419486111
12/30/2022 10:00,20.55555556,20.5,0,20.71443744,12.81,3.29,10.62,1.078888004,375.6470833,20.34355556,0.432013889
12/30/2022 11:00,20.55555556,20.5,0,20.77066325,12.28,3.43,11.4,0.892826323,416.6245278,27.998625,0.400875
12/30/2022 12:00,20.55555556,20.5,0,20.81884768,11.57,2.8,26.93,0.637297575,324.5224583,23.89208333,0.376916667
12/30/2022 13:00,20.55555556,20.5,0,20.75620824,11.15,2.25,34.4,1.040158489,360.3154306,20.13865278,0.376777778
12/30/2022 14:00,20.55555556,20.5,0,20.57485032,10.1,1.95,40.61,1.523391782,569.3414583,35.43215278,0.392541667
12/30/2022 15:00,20.55555556,20.5,0,20.44830495,8.96,1.88,30.49,0.589427264,279.54975,16.89569444,0.391652778
12/30/2022 16:00,20.55555556,20.5,0,20.55732022,8.17,1.98,17.05,1.18758476,416.2576667,22.50134722,0.411263889
12/30/2022 17:00,20.55555556,20.5,0,20.65617759,6.87,1.49,7.4,1.401983977,545.1883194,32.93404167,0.381652778
12/30/2022 18:00,20.55555556,20.5,0,20.53892388,7.04,1.32,0.91,1.728953902,509.8576111,26.34940278,0.353958333
12/30/2022 19:00,20.55555556,20.5,0,20.52929187,6.72,1.42,0,2.359808082,770.1525,39.93498611,0.359291667
12/30/2022 20:00,20.55555556,20.5,0,20.55128205,6.59,1.41,0,1.644667192,501.4153333,25.81311111,0.384486111
12/30/2022 21:00,20.55555556,20.5,0,20.46917463,6.28,1.34,0,2.719810811,621.9850278,33.93516667,0.33825
12/30/2022 22:00,20.55555556,20.5,0,20.41299534,5.91,1.96,0,2.303491335,589.4445278,33.95180556,0.346
12/30/2022 23:00,20.55555556,20.5,0,20.42797994,5.53,2.75,0,2.948756218,713.3233056,36.15866667,0.33375
12/31/2022 0:00,20.55555556,20.5,0,20.35551291,5.12,2.43,0,3.4121461,778.3162917,40.84706944,0.3735
12/31/2022 1:00,20.55555556,20.5,0,20.27433512,4.6,2.14,0,3.404889806,775.8182361,42.40986111,0.325930556
12/31/2022 2:00,20.55555556,20.5,0,20.20189967,4.02,2.41,0,3.602312341,840.609125,42.92259722,0.345222222
12/31/2022 3:00,20.55555556,20.5,0,20.20182993,3.4,2.81,0,3.787735237,900.9084722,45.11059722,0.369236111
12/31/2022 4:00,20.55555556,20.5,0,20.14032233,2.75,2.77,0,3.888600047,858.8426806,47.72163889,0.378625
12/31/2022 5:00,20.55555556,20.5,0,20.14216097,1.72,2.47,0,4.399702594,1009.897458,47.46113889,0.391930556
12/31/2022 6:00,20.55555556,20.5,0,20.12859694,1.52,2.22,0,4.434731241,1038.868667,48.54516667,0.359555556
12/31/2022 7:00,20.55555556,20.5,0,20.0913192,1.4,2.28,0,4.472349092,1144.738167,53.27441667,0.384194444
12/31/2022 8:00,20.55555556,20.5,0,20.33184849,1.12,2.07,0,4.328524116,932.7473472,1221.649125,1091.958722
12/31/2022 9:00,20.55555556,20.5,0,20.32589618,0.83,2.39,16.93,4.885838537,1012.430875,1229.381417,1096.786319
12/31/2022 10:00,20.55555556,20.5,0,20.22744002,1.58,1.87,79.87,4.022492947,1078.328875,48.89313889,0.418833333
12/31/2022 11:00,20.55555556,20.5,0,20.38103502,1.98,1.23,175.59,4.232443327,905.3007778,1257.478542,1125.226917
12/31/2022 12:00,20.55555556,20.5,0,20.12236688,2.79,1.15,259.32,4.543248708,1059.489903,52.21780556,0.386263889
12/31/2022 13:00,20.55555556,20.5,0,20.3641527,3.75,1.1,294.81,4.325201754,889.7371528,1136.240389,1013.046444
12/31/2022 14:00,20.55555556,20.5,0,20.29300124,4.78,1.35,233.12,3.823363071,889.4188472,46.39568056,0.439708333
12/31/2022 15:00,20.55555556,20.5,0,20.25159451,5.44,1.42,276.21,3.886267356,852.5214861,45.12775,0.392416667
12/31/2022 16:00,20.55555556,20.5,0,20.32440407,6.09,0.97,219.86,3.539559218,816.4708194,42.16794444,0.385805556
12/31/2022 17:00,20.55555556,20.5,0,20.31359231,5.58,0.2,115.24,3.999695651,830.3680694,46.72698611,0.396013889
12/31/2022 18:00,20.55555556,20.5,0,20.31396836,4.16,1.52,8.5,4.059123221,938.610625,46.45204167,0.406305556
12/31/2022 19:00,20.55555556,20.5,0,20.27071412,1.67,1.9,0,3.674997623,856.9941389,46.81352778,0.405763889
12/31/2022 20:00,20.55555556,20.5,0,20.2317037,2.13,2.66,0,4.395017989,972.8092222,49.45759722,0.380236111
12/31/2022 21:00,20.55555556,20.5,0,20.21170815,2.82,3.16,0,4.571903224,1025.478375,50.99113889,0.425486111
12/31/2022 22:00,20.55555556,20.5,0,20.19644631,2.88,3.51,0,4.634286473,1038.858361,51.13872222,0.473152778
12/31/2022 23:00,20.55555556,20.5,0,20.18443513,3.33,3.85,0,4.788922461,1090.833125,51.32865278,0.406305556
1/1/2023 0:00,20.55555556,20.5,0,20.15593522,4.05,4.35,0,4.772074323,1075.718835,51.23775811,0.414587021
1/1/2023 1:00,20.55555556,20.5,0,20.13025122,4.53,4.89,0,4.686056848,1044.800093,51.19679128,0.430560748
1/1/2023 2:00,20.55555556,20.5,0,20.1009453,4.68,4.63,0,4.635831995,1042.002175,49.36219092,0.435899844
1/1/2023 3:00,20.55555556,20.5,0,20.18034814,5.23,4.7,0,4.717229775,1019.766009,50.51280125,0.426932707
1/1/2023 4:00,20.55555556,20.5,0,20.17681159,5.64,5.05,0,4.520346429,914.2309471,49.00623955,0.466559889
1/1/2023 5:00,20.55555556,20.5,0,20.15414918,6.7,4.37,0,4.391855124,879.3754259,46.59839117,0.52126183
1/1/2023 6:00,20.55555556,20.5,0,20.1530662,6.5,4.16,0,4.221518971,831.3419824,46.59625551,0.486901615
1/1/2023 7:00,20.55555556,20.5,0,20.20159892,6.91,3.95,0,4.548702395,875.5618343,47.23210059,0.459230769
1/1/2023 8:00,20.55555556,20.5,0,20.20958188,7.66,3.54,0,4.465886738,870.0739336,46.18913112,0.474186414
1/1/2023 9:00,20.55555556,20.5,0,20.21359792,8.06,3.44,7.79,4.610597107,885.8112184,46.71884494,0.514810127
1/1/2023 10:00,20.55555556,20.5,0,20.35086127,8.23,3.33,37.02,3.786869123,768.528038,42.88419304,0.443449367
1/1/2023 11:00,20.55555556,20.5,0,20.43796619,8.42,3.77,78.42,4.005916135,816.6164511,44.45369085,0.430646688
1/1/2023 12:00,20.55555556,20.5,0,20.45548184,8.59,4.37,101.3,3.86928378,765.0755591,40.89377953,0.418173228
1/1/2023 13:00,20.55555556,20.5,0,20.53306157,9,4.28,122.66,3.158445388,685.7604958,35.32041076,0.431784703
1/1/2023 14:00,20.55555556,20.5,0,20.58343039,9.14,3.57,149.11,3.238753739,721.0167601,35.77250779,0.475046729
1/1/2023 15:00,20.55555556,20.5,0,20.62958566,9.34,2.73,121.88,3.036062546,655.3031289,34.53372642,0.458569182
1/1/2023 16:00,20.55555556,20.5,0,20.67852758,9.66,1.69,90.73,2.384128886,598.4286751,30.44913249,0.430031546
1/1/2023 17:00,20.55555556,20.5,0,20.69353535,9.4,1.13,37.28,2.734467743,589.9262401,32.46759874,0.436666667
1/1/2023 18:00,20.55555556,20.5,0,20.7363739,9,0.71,2.46,2.71652187,748.6095512,43.45281907,0.483955119
1/1/2023 19:00,20.55555556,20.5,0,20.8471423,9.37,1.55,0,1.613730558,520.7948494,30.20581616,0.429667195
1/1/2023 20:00,20.55555556,20.5,0,20.74120922,9.38,2.07,0,2.39980887,686.9315483,42.13257102,0.445099432
1/1/2023 21:00,20.55555556,20.5,0,20.90399597,8.98,2.39,0,1.32635954,471.5550845,28.72768049,0.414792627
1/1/2023 22:00,20.55555556,20.5,0,20.76911468,9.15,2.01,0,2.090225522,626.4973392,36.12904971,0.372397661
1/1/2023 23:00,20.55555556,20.5,0,20.92568134,9.13,2.04,0,1.375781634,517.1853353,34.51140089,0.393368107
1/2/2023 0:00,20.55555556,20.5,0,20.76078523,8.71,1.71,0,1.990377502,551.3375513,29.43491311,0.421184834
1/2/2023 1:00,20.55555556,20.5,0,20.85587368,8.32,1.56,0,1.71410341,575.627769,40.04208861,0.421835443
1/2/2023 2:00,20.55555556,20.5,0,20.6965239,8.94,1.8,0,1.895644422,524.2867551,26.67714509,0.479890796
1/2/2023 3:00,20.55555556,20.5,0,20.78738079,9.04,2.06,0,1.998378087,681.0685737,42.36479624,0.36669279
1/2/2023 4:00,20.55555556,20.5,0,20.65626065,9.09,2.17,0,1.962489789,530.4800787,27.05508661,0.323244094
1/2/2023 5:00,20.55555556,20.5,0,20.71949868,8.63,2.77,0,2.054518885,693.7965801,42.16365079,0.671139971
1/2/2023 6:00,20.55555556,20.5,0,20.48114678,8.71,2.66,0,2.031590505,549.0052361,27.71611111,0.629902778
1/2/2023 7:00,20.55555556,20.5,0,20.6788369,8.77,2.2,0,2.085933445,702.393125,42.83831944,0.376069444
1/2/2023 8:00,20.55555556,20.5,0,20.59201971,8.67,2.53,0,2.076169831,545.9734306,28.01058333,0.360222222
1/2/2023 9:00,20.55555556,20.5,0,20.58617905,8.56,2.81,4.12,2.659081774,589.6191389,31.90511111,0.372527778
1/2/2023 10:00,20.55555556,20.5,0,20.64736189,8.91,3.03,45.39,2.874872979,780.1254861,43.93481944,0.405902778
1/2/2023 11:00,20.55555556,20.5,0,20.82125941,8.88,2.7,57.72,1.464050515,504.4323472,28.22252778,0.401708333
1/2/2023 12:00,20.55555556,20.5,0,20.7019722,9.8,2.92,100.24,2.291874688,684.2338194,38.80554167,0.394444444
1/2/2023 13:00,20.55555556,20.5,0,20.86378601,10.33,2.09,124.21,1.396805218,482.7436528,29.68411111,0.38925
1/2/2023 14:00,20.55555556,20.5,0,20.74716355,11.09,1.4,117.59,2.152160981,607.3798611,33.51161111,0.375416667
1/2/2023 15:00,20.55555556,20.5,0,20.92139529,11.62,1.77,121.28,1.330576221,493.5785,33.19234722,0.380208333
1/2/2023 16:00,20.55555556,20.5,0,20.78706033,11.69,1.9,61.08,1.762967956,525.3094583,26.89483333,0.381333333
1/2/2023 17:00,20.55555556,20.5,0,20.92205917,10.47,2.39,19.9,1.738974902,590.8641389,41.26516667,0.370569444
1/2/2023 18:00,20.55555556,20.5,0,20.82213287,10.37,2.92,2.25,1.55688841,467.0176111,24.19334722,0.418
1/2/2023 19:00,20.55555556,20.5,0,20.8992978,10.45,2.84,0,1.915413537,666.7106667,45.59234722,0.418236111
1/2/2023 20:00,20.55555556,20.5,0,20.82654623,10.84,3.02,0,1.59382191,476.7400139,24.62856944,0.434555556
1/2/2023 21:00,20.55555556,20.5,0,20.93558894,10.99,2.86,0,1.497231065,614.1525556,42.095125,0.409027778
1/2/2023 22:00,20.55555556,20.5,0,20.84018467,11.22,2.14,0,1.506770335,458.4501667,23.92144444,0.381763889
1/2/2023 23:00,20.55555556,20.5,0,20.88250252,11.05,3.43,0,1.704477651,581.2180556,45.11201389,0.338041667
1/3/2023 0:00,20.55555556,20.5,0,20.81187151,11.33,3.47,0,1.444504287,449.0111806,23.55183333,0.393083333
1/3/2023 1:00,20.55555556,20.5,0,20.76771488,11.98,3.56,0,2.146953377,685.7840417,51.22731944,0.400138889
1/3/2023 2:00,20.55555556,20.5,0,20.75085739,13.33,3.7,0,1.470522299,445.7022639,24.656125,0.423
1/3/2023 3:00,20.55555556,20.5,0,20.71698867,14.38,3.8,0,1.679696251,575.3963056,59.736875,0.425152778
1/3/2023 4:00,20.55555556,20.5,0,20.87533923,14.29,3.97,0,1.090180334,343.3491528,29.75911111,0.421055556
1/3/2023 5:00,20.55555556,20.5,0,20.83520586,14.1,4.68,0,1.575999843,449.8219583,24.54309722,0.397708333
1/3/2023 6:00,20.55555556,20.5,0,21.02237353,13.79,4.24,0,1.02450608,429.8532778,65.90561111,0.434513889
1/3/2023 7:00,20.55555556,20.5,0,20.92059781,13.84,4.83,0,1.158313423,390.8515833,25.61152778,0.421625
1/3/2023 8:00,20.55555556,20.5,0,20.92480422,14.13,4.69,0,1.333486739,467.2135139,40.676125,0.412833333
1/3/2023 9:00,20.55555556,20.5,0,21.0980059,14.68,4.24,3.19,0.582151388,295.9379861,48.70922222,0.448194444
1/3/2023 10:00,20.55555556,20.5,0,21.0981365,15.03,4.22,20.02,0.650361128,267.688,19.432,0.464555556
1/3/2023 11:00,20.55555556,20.5,0,21.09001087,15.07,4.72,34.93,0.768472323,261.2807361,17.91072222,0.428305556
1/3/2023 12:00,20.55555556,20.5,0,21.18329451,15.72,5.15,61.52,0.797164003,354.2774722,66.46901389,0.406138889
1/3/2023 13:00,20.55555556,20.5,0,21.25808646,16.29,6.65,77.29,0.264228429,160.26775,28.591,0.363402778
1/3/2023 14:00,20.55555556,20.5,0,21.25134798,16.51,6.28,83.21,0.213818896,176.0037222,12.494,0.391861111
1/3/2023 15:00,20.55555556,20.5,0,21.16802452,16.26,6.71,63.6,0.353093513,144.4146806,13.96070833,0.373
1/3/2023 16:00,20.55555556,20.5,0,21.23395407,15.42,7.12,52.72,0.161905247,107.5879028,11.35597222,0.39075
1/3/2023 17:00,20.55555556,20.5,0,21.24617474,16.37,5.21,44.27,0.228048415,161.2752083,33.00738889,0.396041667
1/3/2023 18:00,20.55555556,20.5,0,21.22366255,15.66,4.26,4.99,0.20870032,153.1965972,30.95609722,0.389152778
1/3/2023 19:00,20.55555556,20.5,0,21.15936286,15.08,3.89,0,0.19983081,152.6085,29.54866667,0.411402778
1/3/2023 20:00,20.55555556,20.5,0,21.09428127,14.7,4.71,0,0.125068974,99.7575,10.81177778,0.357555556
1/3/2023 21:00,20.55555556,20.5,0,21.20541968,14.5,5.54,0,0.137283254,101.465875,10.905125,0.369236111
1/3/2023 22:00,20.55555556,20.5,0,21.20299713,14.23,5.5,0,0.374373434,209.5809306,14.77306944,0.35075
1/3/2023 23:00,20.55555556,20.5,0,21.14667832,14.26,5.66,0,0.185855605,107.2921806,11.061125,0.336236111
1/4/2023 0:00,20.55555556,20.5,0,20.92188106,14.46,5.27,0,0.448137083,308.2964861,43.27529167,0.363055556
1/4/2023 1:00,20.55555556,20.5,0,21.0530476,14.39,4.74,0,0.350416959,180.6578056,34.62283333,0.378194444
1/4/2023 2:00,20.55555556,20.5,0,20.96648032,11.81,4.98,0,0.131221058,99.2785,10.61473611,0.382888889
1/4/2023 3:00,20.55555556,20.5,0,20.79143745,9.38,5.22,0,0.826332828,339.6061806,19.45877778,0.368736111
1/4/2023 4:00,20.55555556,20.5,0,20.81135906,7.54,4.06,0,0.896906884,448.0627778,29.02490278,0.393791667
1/4/2023 5:00,20.55555556,20.5,0,20.66797796,5.32,2.41,0,1.196145403,420.5706389,23.72594444,0.359152778
1/4/2023 6:00,20.55555556,20.5,0,20.58674647,4.65,1.76,0,2.180441294,683.201,36.10566667,0.352111111
1/4/2023 7:00,20.55555556,20.5,0,20.63953678,4.35,1.25,0,1.679935605,562.2630139,29.92552778,0.348875
1/4/2023 8:00,20.55555556,20.5,0,20.49529164,3.82,1.96,0,2.332001622,630.2365,32.08645833,0.352597222
1/4/2023 9:00,20.55555556,20.5,0,20.453529,4.26,3.19,27.39,2.901369659,673.3170278,35.97104167,0.378555556
1/4/2023 10:00,20.55555556,20.5,0,20.41897824,6.03,3.74,157.45,3.334168065,801.6494306,39.54506944,0.399902778
1/4/2023 11:00,20.55555556,20.5,0,20.5090234,6.55,5.29,305.39,2.111024491,568.7557778,31.82951389,0.377611111
1/4/2023 12:00,20.55555556,20.5,0,20.5189899,6.73,5.71,387.15,1.892808164,533.5101806,29.78459722,0.388722222
1/4/2023 13:00,20.55555556,20.5,0,20.39365754,6.09,5.99,330.84,2.662159845,643.8953889,36.14630556,0.430319444
1/4/2023 14:00,20.55555556,20.5,0,20.38879433,5.64,6.13,304.89,3.325465002,764.4493194,40.11859722,0.384
1/4/2023 15:00,20.55555556,20.5,0,20.39093813,4.77,6.12,208.8,3.06182558,757.6674306,39.73451389,0.392513889
1/4/2023 16:00,20.55555556,20.5,0,20.36175512,4.44,6.23,116.94,3.46878792,803.4343611,43.22727778,0.397402778
1/4/2023 17:00,20.55555556,20.5,0,20.33453632,3.21,6.09,47.17,4.117525973,895.6153056,48.07259722,0.408458333
1/4/2023 18:00,20.55555556,20.5,0,20.27715788,3.01,5.11,3.07,3.770488069,837.7795556,46.60233333,0.396888889
1/4/2023 19:00,20.55555556,20.5,0,20.26908667,2.91,4.74,0,4.685198694,1081.005083,50.26815278,0.397166667
1/4/2023 20:00,20.55555556,20.5,0,20.20484971,2.95,4.75,0,4.519342657,1023.495014,51.1415,0.420305556
1/4/2023 21:00,20.55555556,20.5,0,20.24379225,2.83,5.14,0,4.855785943,1110.530083,51.46245833,0.381569444
1/4/2023 22:00,20.55555556,20.5,0,20.28653571,2.86,4.98,0,4.601933417,1024.263681,51.34102778,0.423972222
1/4/2023 23:00,20.55555556,20.5,0,20.28664642,3.1,4.91,0,4.579491674,1007.701528,51.10494444,0.408166667
1/5/2023 0:00,20.55555556,20.5,0,20.30195894,3.03,4.51,0,5.139402907,1174.601292,51.01708333,0.401944444
1/5/2023 1:00,20.55555556,20.5,0,20.29884977,3.15,4.5,0,4.800437275,1072.742167,51.17508333,0.445486111
1/5/2023 2:00,20.55555556,20.5,0,20.26036566,3.39,4.28,0,4.797606494,1071.733056,51.58756944,0.427902778
1/5/2023 3:00,20.55555556,20.5,0,20.25466325,3.3,4.09,0,4.745406428,1055.403403,51.44831944,0.423819444
1/5/2023 4:00,20.55555556,20.5,0,20.26780259,3.48,4.25,0,5.225365386,1193.430153,51.37447222,0.423583333
1/5/2023 5:00,20.55555556,20.5,0,20.25519475,2.22,3.99,0,4.966939195,1115.150861,51.42473611,0.449222222
1/5/2023 6:00,20.55555556,20.5,0,20.23090084,2.27,4.08,0,4.366600966,957.8466944,48.05188889,0.456930556
1/5/2023 7:00,20.55555556,20.5,0,20.09529974,2.68,3.96,0,4.357561851,971.2586806,47.76427778,0.474763889
1/5/2023 8:00,20.55555556,20.5,0,20.06817048,2.5,3.97,0,4.463147535,984.2932083,49.57684722,0.513833333
1/5/2023 9:00,20.55555556,20.5,0,20.09469501,2.68,4.12,16.11,4.544877047,1015.958278,49.56525,0.452194444
1/5/2023 10:00,20.55555556,20.5,0,20.0984516,2.8,5.07,97.74,4.563205672,1031.118847,49.69183333,0.430930556
1/5/2023 11:00,20.55555556,20.5,0,20.06053518,2.51,5.96,194.62,4.570174751,1026.592458,50.71638889,0.459777778
1/5/2023 12:00,20.55555556,20.5,0,20.03599685,2.02,6.06,158.94,4.857253483,1126.057306,51.76469444,0.434513889
1/5/2023 13:00,20.55555556,20.5,0,20.11380863,1.79,5.89,167.97,4.670037032,1071.790542,53.38225,0.459486111
1/5/2023 14:00,20.55555556,20.5,0,20.07708333,1.65,6.19,177.13,4.662269403,1127.342333,54.15968056,0.403930556
1/5/2023 15:00,20.55555556,20.5,0,20.08397181,1.6,6.79,132.73,4.834612596,1199.812389,573.3195417,477.9607917
1/5/2023 16:00,20.55555556,20.5,0,20.39944405,1.77,6.3,104.02,3.648526812,745.0048889,649.6449722,565.6205
1/5/2023 17:00,20.55555556,20.5,0,20.03865023,1.38,5.24,49.09,4.849667257,1191.309472,53.60841667,0.430625
1/5/2023 18:00,20.55555556,20.5,0,19.94513889,1.22,5.1,3.73,4.745902411,1213.634139,55.35894444,0.402527778
1/5/2023 19:00,20.55555556,20.5,0,20.1634003,1.08,5.44,0,4.545395541,1019.244431,1200.050167,1070.662653
1/5/2023 20:00,20.55555556,20.5,0,19.96238596,1.16,5.02,0,5.776523638,1480.703444,59.47830556,0.411652778
1/5/2023 21:00,20.55555556,20.5,0,19.94415287,1.07,4.88,0,4.931807027,1347.655653,60.73893056,0.394472222
1/5/2023 22:00,20.55555556,20.5,0,19.99986726,0.91,5.03,0,5.731046947,1772.803741,62.28130737,0.363616134
1/5/2023 23:00,20.55555556,20.5,0,20.13506748,0.98,5.72,0,6.775310579,1753.644234,1655.497978,1484.321927
1/6/2023 0:00,20.55555556,20.5,0,20.19438189,1,4.84,0,3.698540137,971.5259935,46.57843648,0.260895765
1/6/2023 1:00,20.55555556,20.5,0,19.9714152,0.89,4.98,0,5.203214411,1271.600543,57.2983871,0.388944282
1/6/2023 2:00,20.55555556,20.5,0,19.9613649,0.43,4.92,0,5.417672783,1374.782986,60.14118056,0.371430556
1/6/2023 3:00,20.55555556,20.5,0,19.92812207,0.18,4.61,0,5.488988197,1459.911569,60.384875,0.383402778
1/6/2023 4:00,20.55555556,20.5,0,20.07487034,-0.23,4.2,0,5.607362617,1270.787639,1532.644375,1376.349847
1/6/2023 5:00,20.55555556,20.5,0,20.07170054,-0.09,4.05,0,5.252215767,1521.043736,58.33263889,0.343138889
1/6/2023 6:00,20.55555556,20.5,0,20.13751556,-0.03,3.54,0,6.440422695,1688.932389,67.94976389,0.372111111
1/6/2023 7:00,20.55555556,20.5,0,20.07869396,-0.16,3.7,0,6.31008617,1793.987167,67.7735,0.358138889
1/6/2023 8:00,20.55555556,20.5,0,20.09387604,-0.4,3.48,0,6.92074327,2145.514306,82.1015,0.311027778
1/6/2023 9:00,20.55555556,20.5,0,20.32426901,-0.59,3.47,13.83,6.533445081,1599.17,1818.414875,1638.509472
1/6/2023 10:00,20.55555556,20.5,0,20.11825286,-0.69,3.27,72.28,6.322063005,1775.995208,68.58538889,0.302027778
1/6/2023 11:00,20.55555556,20.5,0,20.21690257,-0.71,3.63,133.92,6.849269469,1878.435611,72.10422222,0.332319444
1/6/2023 12:00,20.55555556,20.5,0,20.12276374,-0.4,3.63,200.57,6.428220772,1847.675347,66.528,0.319805556
1/6/2023 13:00,20.55555556,20.5,0,20.16187905,-0.4,4.11,192.39,6.653157943,2016.363569,71.03822222,0.328847222
1/6/2023 14:00,20.55555556,20.5,0,20.35016776,-0.13,3.95,269.9,6.62289582,1591.397264,1655.839708,1486.048583
1/6/2023 15:00,20.55555556,20.5,0,20.20817383,0.75,3.58,285.57,4.031989917,1057.038181,49.73476389,0.319763889
1/6/2023 16:00,20.55555556,20.5,0,20.18432999,0.94,3.13,229,4.763743756,1099.402722,52.39240278,0.345791667
1/6/2023 17:00,20.55555556,20.5,0,20.16365157,0.89,1.66,123.16,5.052748328,1174.419278,52.87569444,0.337597222
1/6/2023 18:00,20.55555556,20.5,0,20.22933069,-0.37,1.42,11.97,5.577186289,1323.427597,56.33281944,0.358152778
1/6/2023 19:00,20.55555556,20.5,0,20.13943156,-0.85,0.7,0,4.518456996,1069.465181,53.82233333,0.340041667
1/6/2023 20:00,20.55555556,20.5,0,20.11109169,-1.41,0.4,0,5.173435253,1286.035278,56.77138889,0.338166667
1/6/2023 21:00,20.55555556,20.5,0,20.1014269,-2.07,0.61,0,5.104896642,1257.815056,56.735875,0.384555556
1/6/2023 22:00,20.55555556,20.5,0,20.15133256,-2.74,1.11,0,4.726193533,1332.194722,52.73122222,0.354972222
1/6/2023 23:00,20.55555556,20.5,0,19.98006993,-2.96,1.41,0,4.614085008,1482.187667,55.08829167,0.367611111
1/7/2023 0:00,20.55555556,20.5,0,20.13413641,-3.56,1.65,0,7.390664203,2017.443653,1403.062431,1243.81125
1/7/2023 1:00,20.55555556,20.5,0,20.30429081,-3.71,1.61,0,3.555760201,952.0740556,281.4950417,219.2152083
1/7/2023 2:00,20.55555556,20.5,0,20.04748252,-3.78,1.79,0,6.069726605,1686.332514,59.69986111,0.338236111
1/7/2023 3:00,20.55555556,20.5,0,19.96892688,-4.61,1.88,0,6.113674122,1893.040139,62.09527778,0.388111111
1/7/2023 4:00,20.55555556,20.5,0,19.92336362,-4.99,2.12,0,6.345399544,2081.259944,69.88123611,0.374569444
1/7/2023 5:00,20.55555556,20.5,0,19.90834885,-5.6,2.31,0,6.620590222,2390.436056,86.93808333,0.372027778
1/7/2023 6:00,20.55555556,20.5,0,20.17263908,-5.4,2.4,0,7.746922293,2173.596597,1833.714833,1634.411111
1/7/2023 7:00,20.55555556,20.5,0,20.01113052,-5.33,2.26,0,7.160985507,2254.412222,76.96593056,0.379736111
1/7/2023 8:00,20.55555556,20.5,0,19.97491265,-4.89,2.24,0,7.301754804,2443.995736,91.49680556,0.391888889
1/7/2023 9:00,20.55555556,20.5,0,19.91913104,-4.03,2.53,26.3,7.289753394,2636.811347,102.8575556,0.409
1/7/2023 10:00,20.55555556,20.5,0,20.21706377,-2.02,2.61,134.25,7.982747483,2213.655889,1864.429194,1661.471472
1/7/2023 11:00,20.55555556,20.5,0,20.18502534,-0.75,3.2,246.85,6.510004193,1793.717306,58.76633333,0.377777778
1/7/2023 12:00,20.55555556,20.5,0,20.16281413,0.52,3.7,343.58,6.452176228,1669.869306,58.61480556,0.375125
1/7/2023 13:00,20.55555556,20.5,0,20.13093735,0.91,3.3,393.68,5.748645907,1402.459125,53.20316667,0.366027778
1/7/2023 14:00,20.55555556,20.5,0,20.24646358,1.29,2.97,424.12,5.82468039,1400.049667,51.77216667,0.355472222
1/7/2023 15:00,20.55555556,20.5,0,20.22841103,1.89,2.78,362.7,4.757467746,1108.930486,46.84204167,0.369402778
1/7/2023 16:00,20.55555556,20.5,0,20.26776218,2.07,2.86,252.57,5.613768678,1328.453806,51.12047222,0.386083333
1/7/2023 17:00,20.55555556,20.5,0,20.19166079,1.24,1.98,128.12,4.846041814,1145.961458,48.097625,0.375611111
1/7/2023 18:00,20.55555556,20.5,0,20.20351657,0.11,2.69,13.83,5.8367055,1434.378486,51.16845833,0.377055556
1/7/2023 19:00,20.55555556,20.5,0,20.23004072,-0.43,2.91,0,5.553002263,1353.494604,50.60892907,0.396063978
1/7/2023 20:00,20.55555556,20.5,0,20.09662073,-0.64,2.53,0,4.283319511,1007.821461,47.14724719,0.293651685
1/7/2023 21:00,20.55555556,20.5,0,20.13192794,-0.96,2.9,0,5.45159184,1329.757889,50.84906944,0.353694444
1/7/2023 22:00,20.55555556,20.5,0,20.07387566,-0.99,3.49,0,5.451194949,1357.494403,51.63254167,0.348166667
1/7/2023 23:00,20.55555556,20.5,0,20.12850377,-1.25,3.17,0,5.532172362,1390.868847,54.87698611,0.355263889
1/8/2023 0:00,20.55555556,20.5,0,20.03027021,-1.49,2.68,0,5.541051432,1493.989306,51.68905556,0.32625
1/8/2023 1:00,20.55555556,20.5,0,20.00485577,-1.69,2.97,0,6.645734965,2009.711472,66.55,0.283125
1/8/2023 2:00,20.55555556,20.5,0,20.06547758,-1.81,2.94,0,6.675989446,2137.919833,70.21872222,0.285041667
1/8/2023 3:00,20.55555556,20.5,0,20.22988304,-1.8,2.73,0,6.40947111,1569.492972,1591.168125,1427.629958
1/8/2023 4:00,20.55555556,20.5,0,20.02997896,-1.73,2.97,0,6.745658461,1982.047778,64.78029167,0.27075
1/8/2023 5:00,20.55555556,20.5,0,20.0553096,-2.05,2.77,0,6.975099991,2202.193056,73.21194444,0.285208333
1/8/2023 6:00,20.55555556,20.5,0,20.22537958,-2.08,2.57,0,6.472318006,1540.108306,1579.683583,1418.313375
1/8/2023 7:00,20.55555556,20.5,0,20.05017846,-2.07,2.45,0,6.977485594,2076.617986,66.48426389,0.294027778
1/8/2023 8:00,20.55555556,20.5,0,20.04661057,-1.77,2.62,0,6.671805433,2126.858708,69.94801389,0.273388889
1/8/2023 9:00,20.55555556,20.5,0,20.15018285,-1.35,2.88,16.79,6.464173546,1558.571139,1729.016472,1554.601958
1/8/2023 10:00,20.55555556,20.5,0,19.97974383,-0.42,2.39,91.48,7.016387983,1999.070694,67.61473611,0.332930556
1/8/2023 11:00,20.55555556,20.5,0,20.04418942,0.47,1.97,161.6,6.446968924,1928.122125,63.87227778,0.352680556
1/8/2023 12:00,20.55555556,20.5,0,20.25020472,1.46,1.53,239.91,4.811349825,1069.556083,1545.022639,1393.493458
1/8/2023 13:00,20.55555556,20.5,0,20.06524639,1.8,2.01,268.12,7.113304862,1873.398861,64.44509722,0.332291667
1/8/2023 14:00,20.55555556,20.5,0,20.13480518,2.33,2.67,435.32,5.474417159,1334.566944,52.96922222,0.324402778
1/8/2023 15:00,20.55555556,20.5,0,20.18159821,2.15,2.53,238.55,5.304564155,1320.997222,52.98065278,0.34325
1/8/2023 16:00,20.55555556,20.5,0,20.30634358,2.13,2.75,84.51,6.68896845,1858.108611,63.92930556,0.359972222
1/8/2023 17:00,20.55555556,20.5,0,20.51146928,1.28,2.28,67.93,6.166664578,1440.667361,1339.049014,1192.183778
1/8/2023 18:00,20.55555556,20.5,0,20.36925926,-0.28,1.67,13.49,5.451221224,1341.426333,53.28908333,0.357152778
1/8/2023 19:00,20.55555556,20.5,0,20.33507503,-0.82,1.72,0,5.530708516,1315.245458,55.37427778,0.314083333
1/8/2023 20:00,20.55555556,20.5,0,20.23530604,-0.71,2.82,0,5.734282068,1489.765917,56.24476389,0.295527778
1/8/2023 21:00,20.55555556,20.5,0,20.37043149,-1.39,3.06,0,5.988276754,1445.398028,1313.895014,1172.098819
1/8/2023 22:00,20.55555556,20.5,0,20.18617934,-1.42,2.35,0,5.304791683,1385.362111,53.49219444,0.310416667
1/8/2023 23:00,20.55555556,20.5,0,20.14146645,-1.67,1.76,0,6.264921139,1722.73075,64.442125,0.328680556
1/9/2023 0:00,20.55555556,20.5,0,20.14777311,-1.65,1.62,0,6.416814675,1994.859403,68.483875,0.307916667
1/9/2023 1:00,20.55555556,20.5,0,20.39490936,-1.44,1.62,0,6.614994365,1620.033458,1485.975028,1325.203986
1/9/2023 2:00,20.55555556,20.5,0,20.26956116,-1.63,1.86,0,6.481452263,1820.806278,62.271,0.337791667
1/9/2023 3:00,20.55555556,20.5,0,20.19221678,-1.55,2.14,0,6.693353231,2080.592583,71.29033333,0.337666667
1/9/2023 4:00,20.55555556,20.5,0,20.41115796,-2.4,2.2,0,7.284992034,1902.869542,1680.566528,1499.907292
1/9/2023 5:00,20.55555556,20.5,0,20.22703574,-3.62,1.85,0,6.619714573,1848.010861,61.20397222,0.337777778
1/9/2023 6:00,20.55555556,20.5,0,20.2573748,-3.51,2.31,0,6.858596062,2057.836583,66.31770833,0.331513889
1/9/2023 7:00,20.55555556,20.5,0,20.35039014,-3.42,2.45,0,7.939157747,2201.777889,1594.551069,1411.950819
1/9/2023 8:00,20.55555556,20.5,0,20.43987872,-3.62,2.23,0,5.902142329,1586.992833,58.72148611,0.352875
1/9/2023 9:00,20.55555556,20.5,0,20.24907212,-3.23,2.83,29.95,7.026432384,2199.167639,74.984875,0.358222222
1/9/2023 10:00,20.55555556,20.5,0,20.29608027,-1.41,3.1,169.64,7.51608923,2191.407875,1642.160792,1457.261986
1/9/2023 11:00,20.55555556,20.5,0,20.46311739,0.12,3.52,315.36,5.608624814,1393.009847,53.39190278,0.363513889
1/9/2023 12:00,20.55555556,20.5,0,20.43519315,1.95,3.76,408.29,5.527391159,1360.862569,54.04469444,0.379638889
1/9/2023 13:00,20.55555556,20.5,0,20.42436905,3.55,3.83,451.27,4.103846728,936.2461944,46.38444444,0.347722222
1/9/2023 14:00,20.55555556,20.5,0,20.40032044,4.67,4.07,427.67,3.644254162,817.804125,45.08144444,0.346736111
1/9/2023 15:00,20.55555556,20.5,0,20.46569583,5.77,4.19,367.59,1.945208146,538.4898611,30.219875,0.333333333
1/9/2023 16:00,20.55555556,20.5,0,20.44165291,6.29,4.16,267.02,1.7639273,520.8388056,27.75405556,0.353208333
1/9/2023 17:00,20.55555556,20.5,0,20.51721148,4.8,2.53,140.1,2.680060617,859.0887083,37.01515278,0.351416667
1/9/2023 18:00,20.55555556,20.5,0,20.41896222,3.19,2.95,16.88,4.471708305,957.9593889,43.20475,0.328375
1/9/2023 19:00,20.55555556,20.5,0,20.48538179,2.38,3.44,0,4.764075741,1024.231556,46.04138889,0.3565
1/9/2023 20:00,20.55555556,20.5,0,20.54197181,2.04,3.74,0,2.215630718,585.8257361,30.34225,0.374902778
1/9/2023 21:00,20.55555556,20.5,0,20.37041499,1.84,3.95,0,2.789100084,731.2147361,34.97331944,0.347916667
1/9/2023 22:00,20.55555556,20.5,0,20.32086385,1.57,4.19,0,5.335188725,1174.103833,48.26776389,0.323166667
1/9/2023 23:00,20.55555556,20.5,0,20.302223,2.01,4.33,0,5.359131029,1196.501597,47.82191667,0.313777778
1/10/2023 0:00,20.55555556,20.5,0,20.3791894,2,4.42,0,5.734440899,1248.027111,52.10204167,0.356916667
1/10/2023 1:00,20.55555556,20.5,0,20.39491199,2.45,4.76,0,6.023140463,1365.251361,52.23259722,0.326138889
1/10/2023 2:00,20.55555556,20.5,0,20.42222222,2.9,5.08,0,6.000348075,1319.711875,52.82211111,0.316847222
1/10/2023 3:00,20.55555556,20.5,0,20.39883227,3.08,4.99,0,5.826605199,1286.295778,52.77461111,0.324458333
1/10/2023 4:00,20.55555556,20.5,0,20.42825649,2.86,4.63,0,6.187136817,1358.128264,52.53070833,0.283486111
1/10/2023 5:00,20.55555556,20.5,0,20.44685938,2.41,4.22,0,5.967617475,1256.513278,52.48440278,0.294861111
1/10/2023 6:00,20.55555556,20.5,0,20.4458467,2.39,3.75,0,5.704160339,1216.478042,52.59419444,0.284888889
1/10/2023 7:00,20.55555556,20.5,0,20.31510366,2.48,3.55,0,6.024081818,1290.072375,52.71620833,0.268944444
1/10/2023 8:00,20.55555556,20.5,0,20.39502859,1.91,3.1,0,5.384844788,1134.457625,48.69740278,0.291013889
1/10/2023 9:00,20.55555556,20.5,0,20.47044363,2.45,3.27,25.31,5.322920657,1146.424431,49.62130556,0.316486111
1/10/2023 10:00,20.55555556,20.5,0,20.50756571,4.2,3.31,130.87,5.094916736,1081.584333,47.35088889,0.284208333
1/10/2023 11:00,20.55555556,20.5,0,20.45636676,5.64,3.26,260.03,4.461505807,916.8130556,43.63895833,0.280888889
1/10/2023 12:00,20.55555556,20.5,0,20.46680731,7.06,3.48,392.19,2.871669155,619.6266389,33.74706944,0.248986111
1/10/2023 13:00,20.55555556,20.5,0,20.59499349,8.52,3.52,465.17,2.0662888,552.3861806,27.19140278,0.280458333
1/10/2023 14:00,20.55555556,20.5,0,20.70875755,9.44,3.38,432.39,0.605003291,299.0267639,21.16677778,0.303486111
1/10/2023 15:00,20.55555556,20.5,0,20.54939486,10.49,3.12,398.36,0.004230163,26.6473736,7.208469101,0.291544944
1/10/2023 16:00,20.55555556,20.5,0,20.21732259,10.52,2.6,287.27,0.103946107,240.7613323,16.80314607,0.289213483
1/10/2023 17:00,20.55555556,20.5,0,20.56308677,8.13,1.86,143.05,0.216528408,165.6165781,16.66696013,0.330598007
1/10/2023 18:00,20.55555556,20.5,0,20.55888017,5.99,2.91,17.82,0.579546889,299.0678519,16.19077037,0.327555556
1/10/2023 19:00,20.55555556,20.5,0,20.57407276,4.97,2.37,0,1.95029357,582.6913518,32.43102606,0.340700326
1/10/2023 20:00,20.55555556,20.5,0,20.76912181,4.66,2.05,0,0.221419559,176.4575,15.37936242,0.322348993
1/10/2023 21:00,20.55555556,20.5,0,20.43845614,3.81,2.21,0,1.908648705,552.024374,26.71904841,0.281619366
1/10/2023 22:00,20.55555556,20.5,0,20.43888889,3.07,2.42,0,4.344898668,863.98,42.9866443,0.343221477
1/10/2023 23:00,20.55555556,20.5,0,20.41949325,3.1,2.69,0,4.232705929,869.1908086,42.49353135,0.377508251
1/11/2023 0:00,20.55555556,20.5,0,20.41918978,3.25,2.74,0,4.288183938,887.7092409,42.66643564,0.369174917
1/11/2023 1:00,20.55555556,20.5,0,20.35838634,3.52,2.98,0,4.410265863,877.327953,44.71260067,0.383204698
1/11/2023 2:00,20.55555556,20.5,0,20.38716516,4.98,2.71,0,4.610863784,912.9633003,44.63546205,0.356666667
1/11/2023 3:00,20.55555556,20.5,0,20.42661808,4.94,2.74,0,4.656730174,933.9051895,44.78337727,0.396589786
1/11/2023 4:00,20.55555556,20.5,0,20.43709208,5.23,2.92,0,4.82007556,955.338,44.43169748,0.333159664
1/11/2023 5:00,20.55555556,20.5,0,20.447523,5.45,2.49,0,4.795560226,979.1435548,44.36446844,0.392259136
1/11/2023 6:00,20.55555556,20.5,0,20.45506199,5.37,2.77,0,4.877508118,1014.90942,44.21971808,0.41371476
1/11/2023 7:00,20.55555556,20.5,0,20.44454239,5.46,3.57,0,4.786521672,970.8730318,44.58164154,0.406231156
1/11/2023 8:00,20.55555556,20.5,0,20.48848643,5.62,4.31,0,4.535773237,915.1668552,43.95888519,0.436056572
1/11/2023 9:00,20.55555556,20.5,0,20.33341649,5.88,4.02,26.97,4.999754316,1013.657679,46.98961603,0.411803005
1/11/2023 10:00,20.55555556,20.5,0,20.36469624,7.79,3.77,136.59,4.647786965,918.8637268,45.48866779,0.437301855
1/11/2023 11:00,20.55555556,20.5,0,20.51176656,8.66,3.48,182.95,3.850884437,810.4200333,40.09055,0.424216667
1/11/2023 12:00,20.55555556,20.5,0,20.56054722,8.96,3.22,134.91,3.763391036,768.433713,36.36470414,0.432174556
1/11/2023 13:00,20.55555556,20.5,0,20.5381287,9.49,3.42,150.43,3.38044084,693.7419063,34.33229402,0.477544426
1/11/2023 14:00,20.55555556,20.5,0,20.63420925,8.94,3.47,84.42,2.592206363,638.0827167,30.04815,0.444583333
1/11/2023 15:00,20.55555556,20.5,0,20.54105897,9.42,3.14,84.23,2.865911389,614.7627258,31.66707358,0.404347826
1/11/2023 16:00,20.55555556,20.5,0,20.58466506,9.95,3.17,65.77,2.614672031,628.0138047,29.881633,0.456801347
1/11/2023 17:00,20.55555556,20.5,0,20.6154745,8.99,2.4,34.51,3.242687497,677.4292845,33.05234609,0.451946755
1/11/2023 18:00,20.55555556,20.5,0,20.74980856,9.08,1.98,5.79,1.396327613,402.1679595,21.98554806,0.458650927
1/11/2023 19:00,20.55555556,20.5,0,20.72907577,8.98,1.91,0,1.29560727,477.0771595,28.95009967,0.461594684
1/11/2023 20:00,20.55555556,20.5,0,20.78032505,8.92,1.99,0,0.864328912,414.9053512,26.28080268,0.408561873
1/11/2023 21:00,20.55555556,20.5,0,20.59216214,8.24,1.98,0,2.031864733,492.3349916,26.21778894,0.436633166
1/11/2023 22:00,20.55555556,20.5,0,20.57477424,7.37,1.51,0,3.913258129,807.4930588,36.29754622,0.382
1/11/2023 23:00,20.55555556,20.5,0,20.62616741,6.43,1.82,0,3.114637272,648.4978859,32.94377517,0.388674497
1/12/2023 0:00,20.55555556,20.5,0,20.6255697,5.99,1.58,0,2.5467591,609.1605017,29.12578595,0.447458194
1/12/2023 1:00,20.55555556,20.5,0,20.61421447,5.67,0.97,0,3.681410047,688.8383417,33.21698492,0.384857621
1/12/2023 2:00,20.55555556,20.5,0,20.64448788,6.5,0.74,0,3.022363699,690.0185956,31.69883249,0.407766497
1/12/2023 3:00,20.55555556,20.5,0,20.59706159,5.77,1.76,0,3.092212269,658.4755838,32.368511,0.425177665
1/12/2023 4:00,20.55555556,20.5,0,20.62321853,6.3,2.34,0,3.211491235,707.7760667,32.66551667,0.409016667
1/12/2023 5:00,20.55555556,20.5,0,20.64335527,6.5,2.32,0,3.199999559,711.7570017,33.07767169,0.420201005
1/12/2023 6:00,20.55555556,20.5,0,20.65578736,6.65,3.57,0,3.244492557,709.034426,32.94855241,0.331996672
1/12/2023 7:00,20.55555556,20.5,0,20.55988436,7.02,4.75,0,3.616639409,740.4948054,36.15331641,0.409560068
1/12/2023 8:00,20.55555556,20.5,0,20.43504515,7.16,5.81,0,2.919243735,681.2511168,32.33306261,0.396125212
1/12/2023 9:00,20.55555556,20.5,0,20.48788487,6.9,6.39,6.26,3.000300078,711.3083054,33.57766779,0.411040268
1/12/2023 10:00,20.55555556,20.5,0,20.53674,6.52,6.01,46.51,3.519485663,735.2407458,36.58301695,0.422745763
1/12/2023 11:00,20.55555556,20.5,0,20.54391177,5.98,6.33,45.59,3.042290122,714.3748393,36.65795262,0.375871404
1/12/2023 12:00,20.55555556,20.5,0,20.47271832,5.65,6.54,48.56,4.248324007,859.0562951,41.52034426,0.37895082
1/12/2023 13:00,20.55555556,20.5,0,20.49116018,5.72,6.99,93.4,3.55757444,771.1090738,37.22965268,0.669782923
1/12/2023 14:00,20.55555556,20.5,0,20.4866587,5.22,7.35,90.73,3.80518678,829.3049722,39.926125,0.782777778
1/12/2023 15:00,20.55555556,20.5,0,20.4738373,4.68,7.82,64.32,4.063895505,849.1807222,40.72261111,0.560583333
1/12/2023 16:00,20.55555556,20.5,0,20.48479098,4.01,8.25,58.58,4.468102693,936.9576528,43.72343056,0.366083333
1/12/2023 17:00,20.55555556,20.5,0,20.46563932,3.04,7.57,39.09,4.657218818,978.9123194,44.71954167,0.408263889
1/12/2023 18:00,20.55555556,20.5,0,20.40425952,2.86,7.34,6.69,4.137550385,782.3985139,406.0199583,0.441666667
1/12/2023 19:00,20.55555556,20.5,0,20.3507484,2.83,7.64,0,5.596491649,1251.067528,51.26219444,0.459236111
1/12/2023 20:00,20.55555556,20.5,0,20.50171781,2.84,7.04,0,4.81859592,1024.849806,49.10036111,0.437027778
1/12/2023 21:00,20.55555556,20.5,0,20.39277973,2.7,6.1,0,4.41456736,953.1423889,45.53941667,0.395861111
1/12/2023 22:00,20.55555556,20.5,0,20.36875,2.63,5.63,0,5.646884254,1261.934569,51.18654167,0.441416667
1/12/2023 23:00,20.55555556,20.5,0,20.36559994,2.55,5.82,0,5.742866322,1300.349056,52.58004167,0.440875
1/13/2023 0:00,20.55555556,20.5,0,20.42086359,2.53,5.62,0,6.03773412,1397.847569,53.87083333,0.441180556
1/13/2023 1:00,20.55555556,20.5,0,20.35164609,2.46,5.21,0,4.991631688,1133.053583,54.02473611,0.452791667
1/13/2023 2:00,20.55555556,20.5,0,20.40278565,2.14,4.94,0,5.604812558,1211.369167,1493.95225,1339.275639
1/13/2023 3:00,20.55555556,20.5,0,20.30372971,1.83,5.1,0,4.744348039,825.886625,739.4851667,526.7988889
1/13/2023 4:00,20.55555556,20.5,0,20.35175087,1.64,5.38,0,7.291531154,1720.485389,63.54905556,0.448666667
1/13/2023 5:00,20.55555556,20.5,0,20.33740009,1.36,5,0,6.676205523,1578.909819,59.92968056,0.438388889
1/13/2023 6:00,20.55555556,20.5,0,20.57431591,1.08,5.39,0,6.701421756,1417.973819,1542.180681,1378.843458
1/13/2023 7:00,20.55555556,20.5,0,20.4401204,0.96,5.61,0,6.086424461,1440.769403,56.80393056,0.436375
1/13/2023 8:00,20.55555556,20.5,0,20.36765309,0.61,6.02,0,5.670551743,1353.636958,56.339625,0.530194444
1/13/2023 9:00,20.55555556,20.5,0,20.32037728,0.56,5.54,15.64,5.843866734,1367.240278,55.90695833,0.48125
1/13/2023 10:00,20.55555556,20.5,0,20.24001253,0.59,6.32,85.05,5.34466939,1315.739903,57.36327778,0.42275
1/13/2023 11:00,20.55555556,20.5,0,20.30531853,1.04,7.12,180.74,6.762592835,1574.522264,1638.445194,1471.430125
1/13/2023 12:00,20.55555556,20.5,0,20.42497054,0.85,7.41,176.4,4.519203543,1050.776347,48.32002778,0.495875
1/13/2023 13:00,20.55555556,20.5,0,20.29608187,0.97,7.73,156.44,5.577792993,1296.076736,54.06745833,0.421291667
1/13/2023 14:00,20.55555556,20.5,0,20.28197883,0.67,7.64,114.04,6.058843328,1453.482472,57.20875,0.468916667
1/13/2023 15:00,20.55555556,20.5,0,20.29003632,0.48,7.63,156.94,6.573507919,1678.902278,59.13976389,0.447402778
1/13/2023 16:00,20.55555556,20.5,0,20.24051581,0.21,7.18,95.43,6.917866134,1797.521986,62.92095833,0.445652778
1/13/2023 17:00,20.55555556,20.5,0,20.31549337,-0.29,6.34,55.13,6.7178168,1906.121486,66.44425,0.424472222
1/13/2023 18:00,20.55555556,20.5,0,20.32297587,-0.56,5.93,7.68,6.964678813,2143.468028,72.36004167,0.426666667
1/13/2023 19:00,20.55555556,20.5,0,20.53826058,-0.7,6.01,0,7.393509976,1871.446833,1882.324389,1690.191681
1/13/2023 20:00,20.55555556,20.5,0,20.39431047,-0.91,5.82,0,5.059167229,1221.358764,51.48820833,0.502888889
1/13/2023 21:00,20.55555556,20.5,0,20.36114635,-0.93,5.72,0,5.861620868,1434.223903,56.81531944,0.469333333
1/13/2023 22:00,20.55555556,20.5,0,20.27337408,-1.13,5.05,0,5.762551573,1426.495806,56.64970833,0.497986111
1/13/2023 23:00,20.55555556,20.5,0,20.25962963,-0.8,4.68,0,6.296144075,1766.331056,62.40384722,0.467180556
1/14/2023 0:00,20.55555556,20.5,0,20.30584693,-0.82,4.58,0,6.927847775,2104.514,74.60434722,0.490638889
1/14/2023 1:00,20.55555556,20.5,0,20.50809602,-0.85,4.07,0,7.391297539,1678.422819,1799.578597,1619.85075
1/14/2023 2:00,20.55555556,20.5,0,20.35136944,-1.21,4.09,0,8.039218606,2224.557153,79.91261111,0.415972222
1/14/2023 3:00,20.55555556,20.5,0,20.35021741,-1.84,4.16,0,7.718734832,2273.191486,79.99583333,0.426277778
1/14/2023 4:00,20.55555556,20.5,0,20.33442655,-2.27,4,0,7.659145176,2227.804111,79.55048611,0.412097222
1/14/2023 5:00,20.55555556,20.5,0,20.30958042,-2.11,3.48,0,7.663343473,2341.716583,90.23222222,0.401194444
1/14/2023 6:00,20.55555556,20.5,0,20.25342657,-2.2,3.58,0,8.030191379,2429.134222,94.86752778,0.391347222
1/14/2023 7:00,20.55555556,20.5,0,20.23613635,-2.07,3.31,0,7.926646572,2518.247556,100.7482778,0.407847222
1/14/2023 8:00,20.55555556,20.5,0,20.35003494,-2.04,3.13,0,8.331599222,2464.796222,1882.402639,1662.951486
1/14/2023 9:00,20.55555556,20.5,0,20.38006056,-2.42,2.94,25.33,7.170044688,1979.127958,68.26875,0.386013889
1/14/2023 10:00,20.55555556,20.5,0,20.41310661,-2.04,2.2,129.6,7.466256552,2107.95625,72.97019444,0.409277778
1/14/2023 11:00,20.55555556,20.5,0,20.42932293,-1.8,1.74,232.73,7.280530592,2084.022189,69.10300787,0.414976378
1/14/2023 12:00,20.55555556,20.5,0,20.35065359,-1.56,1.57,308.66,6.886029325,2041.949876,67.77591331,0.481083591
1/14/2023 13:00,20.55555556,20.5,0,20.33356416,-1.24,1.6,381.72,7.386001207,2167.192673,78.20004608,0.400691244
1/14/2023 14:00,20.55555556,20.5,0,20.38598796,-0.59,1.47,284.64,7.214333057,2084.563095,71.65084859,0.357021631
1/14/2023 15:00,20.55555556,20.5,0,20.39267198,0.03,1.41,325.75,6.813831704,1989.939797,65.97210169,0.380864407
1/14/2023 16:00,20.55555556,20.5,0,20.3902319,0.23,1.36,274.1,7.069490346,2047.052598,71.41689304,0.403022071
1/14/2023 17:00,20.55555556,20.5,0,20.30769562,-0.56,1.4,158.16,6.459082205,1929.704662,63.39817568,0.453496622
1/14/2023 18:00,20.55555556,20.5,0,20.19900947,-1.3,1.47,24.07,6.9927215,2112.980525,72.99098139,0.376514382
1/14/2023 19:00,20.55555556,20.5,0,20.2173299,-3.15,1.67,0,7.065469532,2314.469604,86.152843,0.502475248
1/14/2023 20:00,20.55555556,20.5,0,20.24285546,-3.46,1.73,0,6.846540835,1885.992903,1794.344903,1615.819736
1/14/2023 21:00,20.55555556,20.5,0,20.45438124,-3.56,1.8,0,6.306883041,1637.279278,92.03188889,24.70966667
1/14/2023 22:00,20.55555556,20.5,0,20.30919178,-3.58,2.13,0,6.81730388,1827.782931,65.19897222,0.463541667
1/14/2023 23:00,20.55555556,20.5,0,20.16876751,-3.21,2.11,0,6.018759136,1665.247889,61.98023611,0.428208333
1/15/2023 0:00,20.55555556,20.5,0,20.17303542,-3.35,2.27,0,7.409629771,2249.326208,79.35801389,0.455486111
1/15/2023 1:00,20.55555556,20.5,0,20.16265432,-3.34,2.51,0,8.31357778,2658.430097,113.5319306,0.452277778
1/15/2023 2:00,20.55555556,20.5,0,20.1681202,-3.7,2.74,0,8.496185714,2916.727444,136.0586806,0.395222222
1/15/2023 3:00,20.55555556,20.5,0,20.2096586,-4.06,2.99,0,8.228566195,2749.589514,1925.814319,1681.529806
1/15/2023 4:00,20.55555556,20.5,0,20.5354619,-4.19,3.21,0,8.675022857,2532.735347,200.8107778,86.81052778
1/15/2023 5:00,20.55555556,20.5,0,20.24912793,-4.35,3.64,0,8.085847983,2443.643125,92.08866667,0.403652778
1/15/2023 6:00,20.55555556,20.5,0,20.22543818,-4.27,3.72,0,8.349896595,2629.387625,111.1009861,0.451444444
1/15/2023 7:00,20.55555556,20.5,0,20.21581076,-4.05,3.93,0,8.29373871,2941.258431,135.8153194,0.406402778
1/15/2023 8:00,20.55555556,20.5,0,20.27975663,-3.84,4.4,0,8.747210549,2910.07075,2015.239861,1747.804319
1/15/2023 9:00,20.55555556,20.5,0,20.61001866,-2.66,5.16,29.27,8.494909144,2508.85375,115.2953472,0.429333333
1/15/2023 10:00,20.55555556,20.5,0,20.21757959,-0.7,5.44,141.63,6.791670101,1942.184083,66.11741667,0.445888889
1/15/2023 11:00,20.55555556,20.5,0,20.33621442,0.62,5.75,258.66,6.477085331,2062.055125,101.7637222,0.502069444
1/15/2023 12:00,20.55555556,20.5,0,20.05645149,2.47,5.78,337.58,6.372038953,1059.382042,239.414125,0.484458333
1/15/2023 13:00,20.55555556,20.5,0,20.48504845,3.89,5.89,416.34,10.69021902,2291.595246,96.76403657,0.497679325
1/15/2023 14:00,20.55555556,20.5,0,22.49467411,4.97,5.94,482.71,18.32202948,3535.17805,6831.345692,3831.321808
1/15/2023 15:00,20.55555556,20.5,0,22.55677959,6.02,5.92,426.13,3.626386647,396.2087639,1683.754403,1005.903958
1/15/2023 20:00,20.55555556,20.5,0,19.9991047,3.13,6.46,0,3.336111019,404.5350278,367.8457083,0.579583333
1/15/2023 21:00,20.55555556,20.5,0,20.07273684,3.14,6.8,0,3.972670215,667.3180139,179.9830972,0.543
1/15/2023 22:00,20.55555556,20.5,0,20.13101592,3.22,6.34,0,4.076786662,684.1924306,166.3384861,0.492611111
1/15/2023 23:00,20.55555556,20.5,0,20.00641116,3.4,6.04,0,4.128572865,775.5932222,102.8330278,0.489958333
1/16/2023 0:00,20.55555556,20.5,0,20.03589984,3.29,5.94,0,5.429421108,1298.959375,52.389125,0.465972222
1/16/2023 1:00,20.55555556,20.5,0,20.1442005,3.17,5.83,0,5.497986254,1272.239208,54.56648611,0.420541667
1/16/2023 2:00,20.55555556,20.5,0,20.16456764,3.23,5.72,0,5.417799643,1223.968875,53.73441667,0.442722222
1/16/2023 3:00,20.55555556,20.5,0,20.22566996,3,5.59,0,5.971089986,1424.501444,54.53034722,0.448180556
1/16/2023 4:00,20.55555556,20.5,0,20.24308302,3.06,5.58,0,5.778072803,1347.439903,54.42452778,0.463111111
1/16/2023 5:00,20.55555556,20.5,0,20.22641819,2.94,6.19,0,5.600926838,1285.092639,54.91768056,0.410513889
1/16/2023 6:00,20.55555556,20.5,0,20.27190945,3.45,6.34,0,5.833762482,1381.851903,57.3885,0.422416667
1/16/2023 7:00,20.55555556,20.5,0,20.30939274,3.66,6.52,0,5.582141931,1254.511319,55.16791667,0.409777778
1/16/2023 8:00,20.55555556,20.5,0,20.33719655,4.12,6.56,0,5.864681161,1345.836917,55.04122222,0.378555556
1/16/2023 9:00,20.55555556,20.5,0,20.34564186,5.01,6.83,10.37,5.003131828,1121.381194,51.101625,0.433388889
1/16/2023 10:00,20.55555556,20.5,0,20.24359639,5.41,6.92,37.78,4.823825549,1082.002778,48.42359722,0.398888889
1/16/2023 11:00,20.55555556,20.5,0,20.21052795,4.21,6.5,46.59,5.265812913,1171.789583,53.13877778,0.399875
1/16/2023 12:00,20.55555556,20.5,0,20.12169144,3.81,6.86,55.6,4.716644157,1054.609183,49.39939486,0.361331316
1/16/2023 13:00,20.55555556,20.5,0,20.22597469,4.71,6.89,90.24,5.656571675,1290.438274,56.2513198,0.435972927
1/16/2023 14:00,20.55555556,20.5,0,20.279092,5.78,7.1,59.66,4.595509449,988.2439909,49.84078907,0.404400607
1/16/2023 15:00,20.55555556,20.5,0,20.21445155,6.33,7.32,87.16,4.133191821,742.2411367,97.60224053,0.385123558
