Time,"coordinates (lat,lon)",model (name),model elevation (surface),utc_offset (hrs),temperature (degC),wind_speed (m/s),surface_solar_radiation (W/m^2),surface_diffuse_solar_radiation (W/m^2),direct_normal_solar_radiation (W/m^2)
12/18/2024 15:00,"(40.43093, -86.911617)",era5,218.14,-5,2.8,5.07,231.45,134.67,262.83
12/18/2024 16:00,"(40.43093, -86.911617)",era5,218.14,-5,2.52,4.95,152.32,87.67,242.44
12/18/2024 17:00,"(40.43093, -86.911617)",era5,218.14,-5,2.26,4.35,63.12,36.62,204.76
12/18/2024 18:00,"(40.43093, -86.911617)",era5,218.14,-5,1.86,4.06,2.19,2.09,0
12/18/2024 19:00,"(40.43093, -86.911617)",era5,218.14,-5,1.32,4.4,0,0,0
12/18/2024 20:00,"(40.43093, -86.911617)",era5,218.14,-5,0.83,4.13,0,0,0
12/18/2024 21:00,"(40.43093, -86.911617)",era5,218.14,-5,0.17,3.75,0,0,0
12/18/2024 22:00,"(40.43093, -86.911617)",era5,218.14,-5,-0.24,3.94,0,0,0
12/18/2024 23:00,"(40.43093, -86.911617)",era5,218.14,-5,-0.32,3.11,0,0,0
12/19/2024 0:00,"(40.43093, -86.911617)",era5,218.14,-5,-0.44,2.86,0,0,0
12/19/2024 1:00,"(40.43093, -86.911617)",era5,218.14,-5,-0.69,2.38,0,0,0
12/19/2024 2:00,"(40.43093, -86.911617)",era5,218.14,-5,-0.99,1.93,0,0,0
12/19/2024 3:00,"(40.43093, -86.911617)",era5,218.14,-5,-1.77,1.79,0,0,0
12/19/2024 4:00,"(40.43093, -86.911617)",era5,218.14,-5,-2.29,1.34,0,0,0
12/19/2024 5:00,"(40.43093, -86.911617)",era5,218.14,-5,-2.72,1.02,0,0,0
12/19/2024 6:00,"(40.43093, -86.911617)",era5,218.14,-5,-2.83,0.76,0,0,0
12/19/2024 7:00,"(40.43093, -86.911617)",era5,218.14,-5,-2.66,0.53,0,0,0
12/19/2024 8:00,"(40.43093, -86.911617)",era5,218.14,-5,-2.21,0.38,0,0,0
12/19/2024 9:00,"(40.43093, -86.911617)",era5,218.14,-5,-2.27,1.43,30.11,17.1,254.53
12/19/2024 10:00,"(40.43093, -86.911617)",era5,218.14,-5,-1.39,1.95,160.7,53.45,529.21
12/19/2024 11:00,"(40.43093, -86.911617)",era5,218.14,-5,-0.59,2.86,251.67,85.53,514.64
12/19/2024 12:00,"(40.43093, -86.911617)",era5,218.14,-5,-0.41,3.08,163.67,132.27,77.82
12/19/2024 13:00,"(40.43093, -86.911617)",era5,218.14,-5,0.02,3.44,159.28,132.41,61.21
12/19/2024 14:00,"(40.43093, -86.911617)",era5,218.14,-5,0.83,3.99,378.57,135.78,568.36
12/19/2024 15:00,"(40.43093, -86.911617)",era5,218.14,-5,1.72,4.15,281,109.9,464.14
12/19/2024 16:00,"(40.43093, -86.911617)",era5,218.14,-5,1.96,4,210.13,88.32,455.46
12/19/2024 17:00,"(40.43093, -86.911617)",era5,218.14,-5,1.55,2.93,87.59,41.01,356.96
12/19/2024 18:00,"(40.43093, -86.911617)",era5,218.14,-5,1.42,3.66,3.24,2.93,0
12/19/2024 19:00,"(40.43093, -86.911617)",era5,218.14,-5,0.85,3.48,0,0,0
12/19/2024 20:00,"(40.43093, -86.911617)",era5,218.14,-5,0.77,3.2,0,0,0
12/19/2024 21:00,"(40.43093, -86.911617)",era5,218.14,-5,1.39,3.84,0,0,0
12/19/2024 22:00,"(40.43093, -86.911617)",era5,218.14,-5,1.94,4.47,0,0,0
12/19/2024 23:00,"(40.43093, -86.911617)",era5,218.14,-5,2.05,4.55,0,0,0
12/20/2024 0:00,"(40.43093, -86.911617)",era5,218.14,-5,1.56,4.33,0,0,0
12/20/2024 1:00,"(40.43093, -86.911617)",era5,218.14,-5,1.2,3.92,0,0,0
12/20/2024 2:00,"(40.43093, -86.911617)",era5,218.14,-5,1.37,3.44,0,0,0
12/20/2024 3:00,"(40.43093, -86.911617)",era5,218.14,-5,1.72,3.23,0,0,0
12/20/2024 4:00,"(40.43093, -86.911617)",era5,218.14,-5,1.36,3.59,0,0,0
12/20/2024 5:00,"(40.43093, -86.911617)",era5,218.14,-5,0.81,4.56,0,0,0
12/20/2024 6:00,"(40.43093, -86.911617)",era5,218.14,-5,0.82,5.21,0,0,0
12/20/2024 7:00,"(40.43093, -86.911617)",era5,218.14,-5,0.52,5.27,0,0,0
12/20/2024 8:00,"(40.43093, -86.911617)",era5,218.14,-5,0.15,5.04,0,0,0
12/20/2024 9:00,"(40.43093, -86.911617)",era5,218.14,-5,0.29,5.4,7.81,7.76,0
12/20/2024 10:00,"(40.43093, -86.911617)",era5,218.14,-5,0.75,6.61,45.67,44.48,5.93
12/20/2024 11:00,"(40.43093, -86.911617)",era5,218.14,-5,0.9,7.42,95.69,95.29,1.26
12/20/2024 12:00,"(40.43093, -86.911617)",era5,218.14,-5,0.84,8.71,176.17,110.69,162.56
12/20/2024 13:00,"(40.43093, -86.911617)",era5,218.14,-5,1.42,8.23,345.34,116.9,520.61
12/20/2024 14:00,"(40.43093, -86.911617)",era5,218.14,-5,1.69,8.13,298.51,117.26,424.16
12/20/2024 15:00,"(40.43093, -86.911617)",era5,218.14,-5,1.68,7.95,262.12,103.78,428.89
12/20/2024 16:00,"(40.43093, -86.911617)",era5,218.14,-5,1.42,7.44,186.65,87.48,369.6
12/20/2024 17:00,"(40.43093, -86.911617)",era5,218.14,-5,0.57,6.08,81.24,38.33,325.99
12/20/2024 18:00,"(40.43093, -86.911617)",era5,218.14,-5,0.16,5.5,2.88,2.22,0
12/20/2024 19:00,"(40.43093, -86.911617)",era5,218.14,-5,-0.35,5.45,0,0,0
12/20/2024 20:00,"(40.43093, -86.911617)",era5,218.14,-5,-0.59,5.13,0,0,0
12/20/2024 21:00,"(40.43093, -86.911617)",era5,218.14,-5,-1.32,5.07,0,0,0
12/20/2024 22:00,"(40.43093, -86.911617)",era5,218.14,-5,-2,5.04,0,0,0
12/20/2024 23:00,"(40.43093, -86.911617)",era5,218.14,-5,-2.36,4.59,0,0,0
12/21/2024 0:00,"(40.43093, -86.911617)",era5,218.14,-5,-2.85,4.47,0,0,0
12/21/2024 1:00,"(40.43093, -86.911617)",era5,218.14,-5,-2.99,3.99,0,0,0
12/21/2024 2:00,"(40.43093, -86.911617)",era5,218.14,-5,-3.44,3.54,0,0,0
12/21/2024 3:00,"(40.43093, -86.911617)",era5,218.14,-5,-3.58,3.33,0,0,0
12/21/2024 4:00,"(40.43093, -86.911617)",era5,218.14,-5,-3.61,3.05,0,0,0
12/21/2024 5:00,"(40.43093, -86.911617)",era5,218.14,-5,-4.8,2.01,0,0,0
12/21/2024 6:00,"(40.43093, -86.911617)",era5,218.14,-5,-4.71,2.26,0,0,0
12/21/2024 7:00,"(40.43093, -86.911617)",era5,218.14,-5,-4.72,2.61,0,0,0
12/21/2024 8:00,"(40.43093, -86.911617)",era5,218.14,-5,-4.95,2.55,0,0,0
12/21/2024 9:00,"(40.43093, -86.911617)",era5,218.14,-5,-4.41,2.74,22.6,14.66,0
12/21/2024 10:00,"(40.43093, -86.911617)",era5,218.14,-5,-3.51,2.37,111.3,58.4,264.25
12/21/2024 11:00,"(40.43093, -86.911617)",era5,218.14,-5,-2.57,2.15,202.62,101.96,313.61
12/21/2024 12:00,"(40.43093, -86.911617)",era5,218.14,-5,-1.32,2.13,286.4,131.24,385.68
12/21/2024 13:00,"(40.43093, -86.911617)",era5,218.14,-5,-0.58,2.2,349.88,126.21,509.89
12/21/2024 14:00,"(40.43093, -86.911617)",era5,218.14,-5,-0.38,2.37,292.09,151.58,328.59
12/21/2024 15:00,"(40.43093, -86.911617)",era5,218.14,-5,-0.07,2.44,253.34,140.4,305.4
12/21/2024 16:00,"(40.43093, -86.911617)",era5,218.14,-5,-0.21,2.24,198.21,93.69,388.1
12/21/2024 17:00,"(40.43093, -86.911617)",era5,218.14,-5,-1.38,1.17,74.08,50.45,177.82
12/21/2024 18:00,"(40.43093, -86.911617)",era5,218.14,-5,-3.52,1.74,3.85,3.17,0
12/21/2024 19:00,"(40.43093, -86.911617)",era5,218.14,-5,-4.41,2.09,0,0,0
12/21/2024 20:00,"(40.43093, -86.911617)",era5,218.14,-5,-5.37,2.15,0,0,0
12/21/2024 21:00,"(40.43093, -86.911617)",era5,218.14,-5,-6.03,1.88,0,0,0
12/21/2024 22:00,"(40.43093, -86.911617)",era5,218.14,-5,-6.22,1.88,0,0,0
12/21/2024 23:00,"(40.43093, -86.911617)",era5,218.14,-5,-6.48,1.69,0,0,0
12/22/2024 0:00,"(40.43093, -86.911617)",era5,218.14,-5,-7.78,1.51,0,0,0
12/22/2024 1:00,"(40.43093, -86.911617)",era5,218.14,-5,-7.9,1.29,0,0,0
12/22/2024 2:00,"(40.43093, -86.911617)",era5,218.14,-5,-8,1.19,0,0,0
12/22/2024 3:00,"(40.43093, -86.911617)",era5,218.14,-5,-8.18,1.66,0,0,0
12/22/2024 4:00,"(40.43093, -86.911617)",era5,218.14,-5,-7.81,2,0,0,0
12/22/2024 5:00,"(40.43093, -86.911617)",era5,218.14,-5,-8.31,1.81,0,0,0
12/22/2024 6:00,"(40.43093, -86.911617)",era5,218.14,-5,-8.27,1.83,0,0,0
12/22/2024 7:00,"(40.43093, -86.911617)",era5,218.14,-5,-7.75,2.17,0,0,0
12/22/2024 8:00,"(40.43093, -86.911617)",era5,218.14,-5,-7.45,2.34,0,0,0
12/22/2024 9:00,"(40.43093, -86.911617)",era5,218.14,-5,-5.7,3.25,32.66,15.02,0
12/22/2024 10:00,"(40.43093, -86.911617)",era5,218.14,-5,-3.41,3.49,149.29,71.7,389.67
12/22/2024 11:00,"(40.43093, -86.911617)",era5,218.14,-5,-1.9,3.92,250.36,124.42,393.31
12/22/2024 12:00,"(40.43093, -86.911617)",era5,218.14,-5,-0.29,4.32,325.8,158.6,416.01
12/22/2024 13:00,"(40.43093, -86.911617)",era5,218.14,-5,0.51,4.74,369.62,170.75,453.32
12/22/2024 14:00,"(40.43093, -86.911617)",era5,218.14,-5,0.69,4.59,308.2,199.01,255.13
12/22/2024 15:00,"(40.43093, -86.911617)",era5,218.14,-5,1.23,4.26,264.97,171.67,251.74
12/22/2024 16:00,"(40.43093, -86.911617)",era5,218.14,-5,1.36,4.02,217.96,89.65,474.49
12/22/2024 17:00,"(40.43093, -86.911617)",era5,218.14,-5,0.45,2.35,91.63,45.63,342.67
12/22/2024 18:00,"(40.43093, -86.911617)",era5,218.14,-5,-0.68,3.18,4.66,2.9,0
12/22/2024 19:00,"(40.43093, -86.911617)",era5,218.14,-5,-0.97,4.03,0,0,0
12/22/2024 20:00,"(40.43093, -86.911617)",era5,218.14,-5,-1.14,4.5,0,0,0
12/22/2024 21:00,"(40.43093, -86.911617)",era5,218.14,-5,-1.28,5.02,0,0,0
12/22/2024 22:00,"(40.43093, -86.911617)",era5,218.14,-5,-1.23,5.57,0,0,0
12/22/2024 23:00,"(40.43093, -86.911617)",era5,218.14,-5,-1.07,5.8,0,0,0
12/23/2024 0:00,"(40.43093, -86.911617)",era5,218.14,-5,-1.22,5.87,0,0,0
12/23/2024 1:00,"(40.43093, -86.911617)",era5,218.14,-5,-1.29,5.93,0,0,0
12/23/2024 2:00,"(40.43093, -86.911617)",era5,218.14,-5,-1.28,6.15,0,0,0
12/23/2024 3:00,"(40.43093, -86.911617)",era5,218.14,-5,-1.2,6.27,0,0,0
12/23/2024 4:00,"(40.43093, -86.911617)",era5,218.14,-5,-1.27,6.03,0,0,0
12/23/2024 5:00,"(40.43093, -86.911617)",era5,218.14,-5,-0.94,6.01,0,0,0
12/23/2024 6:00,"(40.43093, -86.911617)",era5,218.14,-5,-0.86,6.13,0,0,0
12/23/2024 7:00,"(40.43093, -86.911617)",era5,218.14,-5,-0.34,6.25,0,0,0
12/23/2024 8:00,"(40.43093, -86.911617)",era5,218.14,-5,0.46,6.4,0,0,0
12/23/2024 9:00,"(40.43093, -86.911617)",era5,218.14,-5,1.78,6.56,5.6,5.62,0
12/23/2024 10:00,"(40.43093, -86.911617)",era5,218.14,-5,2.08,6.16,26.83,26.71,0.61
12/23/2024 11:00,"(40.43093, -86.911617)",era5,218.14,-5,2.46,6.26,34.53,34.55,0
12/23/2024 12:00,"(40.43093, -86.911617)",era5,218.14,-5,3.62,6.39,72.81,70.85,4.88
12/23/2024 13:00,"(40.43093, -86.911617)",era5,218.14,-5,3.97,6.91,60.56,60.48,0.19
12/23/2024 14:00,"(40.43093, -86.911617)",era5,218.14,-5,4.4,6.77,82.73,70.71,28.07
12/23/2024 15:00,"(40.43093, -86.911617)",era5,218.14,-5,4.74,6.53,65.13,64.26,2.34
12/23/2024 16:00,"(40.43093, -86.911617)",era5,218.14,-5,5.15,6.11,45.24,45.28,0
12/23/2024 17:00,"(40.43093, -86.911617)",era5,218.14,-5,5.68,4.67,17.32,17.37,0
12/23/2024 18:00,"(40.43093, -86.911617)",era5,218.14,-5,5.8,4.72,1.23,1.28,0
12/23/2024 19:00,"(40.43093, -86.911617)",era5,218.14,-5,5.89,4.59,0,0,0
12/23/2024 20:00,"(40.43093, -86.911617)",era5,218.14,-5,5.82,3.97,0,0,0
12/23/2024 21:00,"(40.43093, -86.911617)",era5,218.14,-5,5.77,3.93,0,0,0
12/23/2024 22:00,"(40.43093, -86.911617)",era5,218.14,-5,5.03,3.69,0,0,0
12/23/2024 23:00,"(40.43093, -86.911617)",era5,218.14,-5,5.22,3.4,0,0,0
12/24/2024 0:00,"(40.43093, -86.911617)",era5,218.14,-5,4.92,3.1,0,0,0
12/24/2024 1:00,"(40.43093, -86.911617)",era5,218.14,-5,4.7,2.72,0,0,0
12/24/2024 2:00,"(40.43093, -86.911617)",era5,218.14,-5,4.21,2.23,0,0,0
12/24/2024 3:00,"(40.43093, -86.911617)",era5,218.14,-5,3.59,1.78,0,0,0
12/24/2024 4:00,"(40.43093, -86.911617)",era5,218.14,-5,2.96,1.62,0,0,0
12/24/2024 5:00,"(40.43093, -86.911617)",era5,218.14,-5,0.98,2.16,0,0,0
12/24/2024 6:00,"(40.43093, -86.911617)",era5,218.14,-5,0.61,1.84,0,0,0
12/24/2024 7:00,"(40.43093, -86.911617)",era5,218.14,-5,1,2.13,0,0,0
12/24/2024 8:00,"(40.43093, -86.911617)",era5,218.14,-5,1.38,1.99,0,0,0
12/24/2024 9:00,"(40.43093, -86.911617)",era5,218.14,-5,1.89,2.34,17.86,11.86,0
12/24/2024 10:00,"(40.43093, -86.911617)",era5,218.14,-5,3.12,2.23,91.11,57.2,171.85
12/24/2024 11:00,"(40.43093, -86.911617)",era5,218.14,-5,3.85,2.51,170.2,100.7,217.83
12/24/2024 12:00,"(40.43093, -86.911617)",era5,218.14,-5,4.74,2.52,238.14,148.82,222.49
12/24/2024 13:00,"(40.43093, -86.911617)",era5,218.14,-5,5.13,2.39,238.34,160.14,178.11
12/24/2024 14:00,"(40.43093, -86.911617)",era5,218.14,-5,5.23,2.02,191.53,167.16,56.78
12/24/2024 15:00,"(40.43093, -86.911617)",era5,218.14,-5,5.17,2.58,157.36,138.74,49.99
12/24/2024 16:00,"(40.43093, -86.911617)",era5,218.14,-5,5.11,2.91,134.25,99.79,126.25
12/24/2024 17:00,"(40.43093, -86.911617)",era5,218.14,-5,4.09,2.34,48.47,43.91,33.22
12/24/2024 18:00,"(40.43093, -86.911617)",era5,218.14,-5,3.82,2.17,2.74,2.32,0
12/24/2024 19:00,"(40.43093, -86.911617)",era5,218.14,-5,3.65,2.54,0,0,0
12/24/2024 20:00,"(40.43093, -86.911617)",era5,218.14,-5,3.38,2.64,0,0,0
12/24/2024 21:00,"(40.43093, -86.911617)",era5,218.14,-5,2.93,3,0,0,0
12/24/2024 22:00,"(40.43093, -86.911617)",era5,218.14,-5,2.45,3.44,0,0,0
12/24/2024 23:00,"(40.43093, -86.911617)",era5,218.14,-5,2.6,2.92,0,0,0
12/25/2024 0:00,"(40.43093, -86.911617)",era5,218.14,-5,2.01,2.82,0,0,0
12/25/2024 1:00,"(40.43093, -86.911617)",era5,218.14,-5,2.21,3.11,0,0,0
12/25/2024 2:00,"(40.43093, -86.911617)",era5,218.14,-5,2.6,3.18,0,0,0
12/25/2024 3:00,"(40.43093, -86.911617)",era5,218.14,-5,2.83,3.19,0,0,0
12/25/2024 4:00,"(40.43093, -86.911617)",era5,218.14,-5,2.89,3.04,0,0,0
12/25/2024 5:00,"(40.43093, -86.911617)",era5,218.14,-5,2.98,2.6,0,0,0
12/25/2024 6:00,"(40.43093, -86.911617)",era5,218.14,-5,3.22,2.5,0,0,0
12/25/2024 7:00,"(40.43093, -86.911617)",era5,218.14,-5,3.49,2.4,0,0,0
12/25/2024 8:00,"(40.43093, -86.911617)",era5,218.14,-5,3.56,2.33,0,0,0
12/25/2024 9:00,"(40.43093, -86.911617)",era5,218.14,-5,3.69,2.4,4.12,4.17,0
12/25/2024 10:00,"(40.43093, -86.911617)",era5,218.14,-5,4.2,2.32,24.35,24.24,0.56
12/25/2024 11:00,"(40.43093, -86.911617)",era5,218.14,-5,4.87,1.81,73.26,72.71,1.72
12/25/2024 12:00,"(40.43093, -86.911617)",era5,218.14,-5,5.92,1.72,111.95,109.41,6.35
12/25/2024 13:00,"(40.43093, -86.911617)",era5,218.14,-5,5.99,1.46,93.26,92.58,1.54
12/25/2024 14:00,"(40.43093, -86.911617)",era5,218.14,-5,6.59,1.63,70.22,70.26,0
12/25/2024 15:00,"(40.43093, -86.911617)",era5,218.14,-5,6.93,1.89,62.83,62.88,0
12/25/2024 16:00,"(40.43093, -86.911617)",era5,218.14,-5,6.95,2.12,37.38,37.43,0
12/25/2024 17:00,"(40.43093, -86.911617)",era5,218.14,-5,6.74,2.08,35.12,34.87,1.81
12/25/2024 18:00,"(40.43093, -86.911617)",era5,218.14,-5,6.53,2.13,2.57,2.59,0
12/25/2024 19:00,"(40.43093, -86.911617)",era5,218.14,-5,6.44,2.08,0,0,0
12/25/2024 20:00,"(40.43093, -86.911617)",era5,218.14,-5,6.37,1.99,0,0,0
12/25/2024 21:00,"(40.43093, -86.911617)",era5,218.14,-5,6.03,1.9,0,0,0
12/25/2024 22:00,"(40.43093, -86.911617)",era5,218.14,-5,6.14,2.19,0,0,0
12/25/2024 23:00,"(40.43093, -86.911617)",era5,218.14,-5,6.08,2.46,0,0,0
12/26/2024 0:00,"(40.43093, -86.911617)",era5,218.14,-5,6.16,2.54,0,0,0
12/26/2024 1:00,"(40.43093, -86.911617)",era5,218.14,-5,6.16,2.77,0,0,0
12/26/2024 2:00,"(40.43093, -86.911617)",era5,218.14,-5,6.52,2.73,0,0,0
12/26/2024 3:00,"(40.43093, -86.911617)",era5,218.14,-5,6.58,2.59,0,0,0
12/26/2024 4:00,"(40.43093, -86.911617)",era5,218.14,-5,6.43,2.71,0,0,0
12/26/2024 5:00,"(40.43093, -86.911617)",era5,218.14,-5,6.54,2.33,0,0,0
12/26/2024 6:00,"(40.43093, -86.911617)",era5,218.14,-5,6.58,2.39,0,0,0
12/26/2024 7:00,"(40.43093, -86.911617)",era5,218.14,-5,6.7,2.68,0,0,0
12/26/2024 8:00,"(40.43093, -86.911617)",era5,218.14,-5,6.8,2.87,0,0,0
12/26/2024 9:00,"(40.43093, -86.911617)",era5,218.14,-5,7.11,2.96,2.8,2.85,0
12/26/2024 10:00,"(40.43093, -86.911617)",era5,218.14,-5,7.43,3.13,15.7,15.67,0.15
12/26/2024 11:00,"(40.43093, -86.911617)",era5,218.14,-5,7.94,3.38,30.35,30.17,0.54
12/26/2024 12:00,"(40.43093, -86.911617)",era5,218.14,-5,8.98,3.73,52.87,52.26,1.53
12/26/2024 13:00,"(40.43093, -86.911617)",era5,218.14,-5,9.86,3.69,92.3,85.63,15.17
12/26/2024 14:00,"(40.43093, -86.911617)",era5,218.14,-5,10.39,3.59,72.17,71.84,0.77
12/26/2024 15:00,"(40.43093, -86.911617)",era5,218.14,-5,10.74,3.95,66.1,65.8,0.81
12/26/2024 16:00,"(40.43093, -86.911617)",era5,218.14,-5,10.59,4.02,26.28,26.22,0.23
12/26/2024 17:00,"(40.43093, -86.911617)",era5,218.14,-5,9.38,3.3,16.58,16.61,0
12/26/2024 18:00,"(40.43093, -86.911617)",era5,218.14,-5,9.38,3.42,0.58,0.63,0
12/26/2024 19:00,"(40.43093, -86.911617)",era5,218.14,-5,9.26,3.76,0,0,0
12/26/2024 20:00,"(40.43093, -86.911617)",era5,218.14,-5,9.3,4.12,0,0,0
12/26/2024 21:00,"(40.43093, -86.911617)",era5,218.14,-5,9.18,4,0,0,0
12/26/2024 22:00,"(40.43093, -86.911617)",era5,218.14,-5,9.05,3.96,0,0,0
12/26/2024 23:00,"(40.43093, -86.911617)",era5,218.14,-5,9.18,3.93,0,0,0
12/27/2024 0:00,"(40.43093, -86.911617)",era5,218.14,-5,9.02,3.78,0,0,0
12/27/2024 1:00,"(40.43093, -86.911617)",era5,218.14,-5,9.04,3.8,0,0,0
12/27/2024 2:00,"(40.43093, -86.911617)",era5,218.14,-5,9.26,3.72,0,0,0
12/27/2024 3:00,"(40.43093, -86.911617)",era5,218.14,-5,9.21,3.71,0,0,0
12/27/2024 4:00,"(40.43093, -86.911617)",era5,218.14,-5,9.2,3.82,0,0,0
12/27/2024 5:00,"(40.43093, -86.911617)",era5,218.14,-5,8.76,3.9,0,0,0
12/27/2024 6:00,"(40.43093, -86.911617)",era5,218.14,-5,9,4.23,0,0,0
12/27/2024 7:00,"(40.43093, -86.911617)",era5,218.14,-5,9.4,4.48,0,0,0
12/27/2024 8:00,"(40.43093, -86.911617)",era5,218.14,-5,9.32,4.72,0,0,0
12/27/2024 9:00,"(40.43093, -86.911617)",era5,218.14,-5,9.16,5,3.08,3.06,0
12/27/2024 10:00,"(40.43093, -86.911617)",era5,218.14,-5,9.41,5.61,21.02,21.03,0
12/27/2024 11:00,"(40.43093, -86.911617)",era5,218.14,-5,9.79,5.93,37.7,33.2,14.15
12/27/2024 12:00,"(40.43093, -86.911617)",era5,218.14,-5,10.31,5.72,50.16,49.15,2.5
12/27/2024 13:00,"(40.43093, -86.911617)",era5,218.14,-5,10.4,5.96,48.07,47.61,1.06
12/27/2024 14:00,"(40.43093, -86.911617)",era5,218.14,-5,10.43,6.22,17.75,17.79,0
12/27/2024 15:00,"(40.43093, -86.911617)",era5,218.14,-5,10.81,6.28,35.66,33.21,6.52
12/27/2024 16:00,"(40.43093, -86.911617)",era5,218.14,-5,10.99,6.75,32.04,29.03,10.82
12/27/2024 17:00,"(40.43093, -86.911617)",era5,218.14,-5,11.75,6.26,11.19,10.67,3.62
12/27/2024 18:00,"(40.43093, -86.911617)",era5,218.14,-5,11.68,6.31,1.25,1.16,0
12/27/2024 19:00,"(40.43093, -86.911617)",era5,218.14,-5,11.76,6.27,0,0,0
12/27/2024 20:00,"(40.43093, -86.911617)",era5,218.14,-5,11.85,6.41,0,0,0
12/27/2024 21:00,"(40.43093, -86.911617)",era5,218.14,-5,11.9,6.94,0,0,0
12/27/2024 22:00,"(40.43093, -86.911617)",era5,218.14,-5,11.91,7.16,0,0,0
12/27/2024 23:00,"(40.43093, -86.911617)",era5,218.14,-5,12.08,7.21,0,0,0
12/28/2024 0:00,"(40.43093, -86.911617)",era5,218.14,-5,12.22,7.47,0,0,0
12/28/2024 1:00,"(40.43093, -86.911617)",era5,218.14,-5,12.07,7.69,0,0,0
12/28/2024 2:00,"(40.43093, -86.911617)",era5,218.14,-5,11.86,7.66,0,0,0
12/28/2024 3:00,"(40.43093, -86.911617)",era5,218.14,-5,11.91,7.11,0,0,0
12/28/2024 4:00,"(40.43093, -86.911617)",era5,218.14,-5,11.94,7.08,0,0,0
12/28/2024 5:00,"(40.43093, -86.911617)",era5,218.14,-5,11.12,6.5,0,0,0
12/28/2024 6:00,"(40.43093, -86.911617)",era5,218.14,-5,10.95,6.15,0,0,0
12/28/2024 7:00,"(40.43093, -86.911617)",era5,218.14,-5,10.88,5.05,0,0,0
12/28/2024 8:00,"(40.43093, -86.911617)",era5,218.14,-5,10.4,4.44,0,0,0
12/28/2024 9:00,"(40.43093, -86.911617)",era5,218.14,-5,10.47,4.2,10.61,7.53,0
12/28/2024 10:00,"(40.43093, -86.911617)",era5,218.14,-5,11.39,3.93,76.9,46.51,155.9
12/28/2024 11:00,"(40.43093, -86.911617)",era5,218.14,-5,12.13,4.7,190.88,78.65,352.89
12/28/2024 12:00,"(40.43093, -86.911617)",era5,218.14,-5,13.21,5.06,295.01,103.76,475.77
12/28/2024 13:00,"(40.43093, -86.911617)",era5,218.14,-5,13.71,5.14,297.98,139.04,360.28
12/28/2024 14:00,"(40.43093, -86.911617)",era5,218.14,-5,13.71,4.7,265.25,166.71,227.67
12/28/2024 15:00,"(40.43093, -86.911617)",era5,218.14,-5,13.85,3.95,170.54,140.69,79.05
12/28/2024 16:00,"(40.43093, -86.911617)",era5,218.14,-5,13.77,2.83,150.79,90.82,214.7
12/28/2024 17:00,"(40.43093, -86.911617)",era5,218.14,-5,11.7,0.73,63.95,54.76,63.6
12/28/2024 18:00,"(40.43093, -86.911617)",era5,218.14,-5,12.37,1.22,5.03,4.93,0
12/28/2024 19:00,"(40.43093, -86.911617)",era5,218.14,-5,10.16,2.03,0,0,0
12/28/2024 20:00,"(40.43093, -86.911617)",era5,218.14,-5,9.61,1.93,0,0,0
12/28/2024 21:00,"(40.43093, -86.911617)",era5,218.14,-5,9.67,2.02,0,0,0
12/28/2024 22:00,"(40.43093, -86.911617)",era5,218.14,-5,10.29,2.63,0,0,0
12/28/2024 23:00,"(40.43093, -86.911617)",era5,218.14,-5,10.63,2.65,0,0,0
12/29/2024 0:00,"(40.43093, -86.911617)",era5,218.14,-5,10.6,2.96,0,0,0
12/29/2024 1:00,"(40.43093, -86.911617)",era5,218.14,-5,10.78,3.03,0,0,0
12/29/2024 2:00,"(40.43093, -86.911617)",era5,218.14,-5,10.74,3.84,0,0,0
12/29/2024 3:00,"(40.43093, -86.911617)",era5,218.14,-5,10.72,5.27,0,0,0
12/29/2024 4:00,"(40.43093, -86.911617)",era5,218.14,-5,10.65,6.2,0,0,0
12/29/2024 5:00,"(40.43093, -86.911617)",era5,218.14,-5,10.51,6.24,0,0,0
12/29/2024 6:00,"(40.43093, -86.911617)",era5,218.14,-5,10.46,6.9,0,0,0
12/29/2024 7:00,"(40.43093, -86.911617)",era5,218.14,-5,10.41,7.8,0,0,0
12/29/2024 8:00,"(40.43093, -86.911617)",era5,218.14,-5,10.23,8.41,0,0,0
12/29/2024 9:00,"(40.43093, -86.911617)",era5,218.14,-5,9.81,9.12,2.47,2.51,0
12/29/2024 10:00,"(40.43093, -86.911617)",era5,218.14,-5,9.6,9.64,13.83,13.87,0
12/29/2024 11:00,"(40.43093, -86.911617)",era5,218.14,-5,9.34,9.7,33.41,33.35,0.17
12/29/2024 12:00,"(40.43093, -86.911617)",era5,218.14,-5,8.67,9.19,34.33,34.35,0
12/29/2024 13:00,"(40.43093, -86.911617)",era5,218.14,-5,8.3,9.56,63.45,63.49,0
12/29/2024 14:00,"(40.43093, -86.911617)",era5,218.14,-5,7.79,10.2,25.38,25.32,0.13
12/29/2024 15:00,"(40.43093, -86.911617)",era5,218.14,-5,7.06,9.72,31.22,31.26,0
12/29/2024 16:00,"(40.43093, -86.911617)",era5,218.14,-5,6.14,9.63,17.08,17.13,0
12/29/2024 17:00,"(40.43093, -86.911617)",era5,218.14,-5,5.51,9.27,12.57,12.62,0
12/29/2024 18:00,"(40.43093, -86.911617)",era5,218.14,-5,6.16,8.55,2.12,2.16,0
12/29/2024 19:00,"(40.43093, -86.911617)",era5,218.14,-5,6.55,6.41,0,0,0
12/29/2024 20:00,"(40.43093, -86.911617)",era5,218.14,-5,6.43,4.73,0,0,0
12/29/2024 21:00,"(40.43093, -86.911617)",era5,218.14,-5,6.43,4.55,0,0,0
12/29/2024 22:00,"(40.43093, -86.911617)",era5,218.14,-5,6.81,4.64,0,0,0
12/29/2024 23:00,"(40.43093, -86.911617)",era5,218.14,-5,6.93,4.56,0,0,0
12/30/2024 0:00,"(40.43093, -86.911617)",era5,218.14,-5,6.9,4.66,0,0,0
12/30/2024 1:00,"(40.43093, -86.911617)",era5,218.14,-5,6.5,4.69,0,0,0
12/30/2024 2:00,"(40.43093, -86.911617)",era5,218.14,-5,6.31,4.58,0,0,0
12/30/2024 3:00,"(40.43093, -86.911617)",era5,218.14,-5,5.74,4.54,0,0,0
12/30/2024 4:00,"(40.43093, -86.911617)",era5,218.14,-5,5.26,4.38,0,0,0
12/30/2024 5:00,"(40.43093, -86.911617)",era5,218.14,-5,3.96,3.5,0,0,0
12/30/2024 6:00,"(40.43093, -86.911617)",era5,218.14,-5,3.64,3.18,0,0,0
12/30/2024 7:00,"(40.43093, -86.911617)",era5,218.14,-5,3.42,2.51,0,0,0
12/30/2024 8:00,"(40.43093, -86.911617)",era5,218.14,-5,3.05,1.8,0,0,0
12/30/2024 9:00,"(40.43093, -86.911617)",era5,218.14,-5,3,2.21,22.15,12.14,0
12/30/2024 10:00,"(40.43093, -86.911617)",era5,218.14,-5,3.17,2.85,103.16,56.65,239.14
12/30/2024 11:00,"(40.43093, -86.911617)",era5,218.14,-5,3.88,1.98,258.54,84.42,547.12
12/30/2024 12:00,"(40.43093, -86.911617)",era5,218.14,-5,5.3,1.72,372.84,117.83,632.82
12/30/2024 13:00,"(40.43093, -86.911617)",era5,218.14,-5,6.28,2.37,428.08,110.7,716.56
12/30/2024 14:00,"(40.43093, -86.911617)",era5,218.14,-5,7.07,2.48,436.46,78.32,822.54
12/30/2024 15:00,"(40.43093, -86.911617)",era5,218.14,-5,7.51,2.15,358.36,85.01,717.65
12/30/2024 16:00,"(40.43093, -86.911617)",era5,218.14,-5,7.74,2.65,237.78,81.51,551.97
12/30/2024 17:00,"(40.43093, -86.911617)",era5,218.14,-5,7,2.2,92.86,55.47,251.43
12/30/2024 18:00,"(40.43093, -86.911617)",era5,218.14,-5,6.52,2.98,5.48,5.2,0
12/30/2024 19:00,"(40.43093, -86.911617)",era5,218.14,-5,6.57,3.62,0,0,0
12/30/2024 20:00,"(40.43093, -86.911617)",era5,218.14,-5,6.49,4.16,0,0,0
12/30/2024 21:00,"(40.43093, -86.911617)",era5,218.14,-5,6.39,4.25,0,0,0
12/30/2024 22:00,"(40.43093, -86.911617)",era5,218.14,-5,6.63,4.82,0,0,0
12/30/2024 23:00,"(40.43093, -86.911617)",era5,218.14,-5,6.93,5.19,0,0,0
12/31/2024 0:00,"(40.43093, -86.911617)",era5,218.14,-5,7.25,5.48,0,0,0
12/31/2024 1:00,"(40.43093, -86.911617)",era5,218.14,-5,7.22,5.89,0,0,0
12/31/2024 2:00,"(40.43093, -86.911617)",era5,218.14,-5,7.34,6.31,0,0,0
12/31/2024 3:00,"(40.43093, -86.911617)",era5,218.14,-5,7.32,6.21,0,0,0
12/31/2024 4:00,"(40.43093, -86.911617)",era5,218.14,-5,7.49,5.83,0,0,0
12/31/2024 5:00,"(40.43093, -86.911617)",era5,218.14,-5,7.54,4.99,0,0,0
12/31/2024 6:00,"(40.43093, -86.911617)",era5,218.14,-5,7.59,4.48,0,0,0
12/31/2024 7:00,"(40.43093, -86.911617)",era5,218.14,-5,7.56,4.09,0,0,0
12/31/2024 8:00,"(40.43093, -86.911617)",era5,218.14,-5,7.39,3.98,0,0,0
12/31/2024 9:00,"(40.43093, -86.911617)",era5,218.14,-5,7.1,4.7,2.4,2.44,0
12/31/2024 10:00,"(40.43093, -86.911617)",era5,218.14,-5,6.51,6.05,22.77,22.81,0
12/31/2024 11:00,"(40.43093, -86.911617)",era5,218.14,-5,5.25,6.83,37.63,37.67,0
12/31/2024 12:00,"(40.43093, -86.911617)",era5,218.14,-5,3.84,7.86,49.83,49.85,0
12/31/2024 13:00,"(40.43093, -86.911617)",era5,218.14,-5,3.06,8.43,50.67,50.07,1.35
12/31/2024 14:00,"(40.43093, -86.911617)",era5,218.14,-5,3,8.64,41.03,41.08,0
12/31/2024 15:00,"(40.43093, -86.911617)",era5,218.14,-5,2.91,9.06,59.06,58.86,0.52
12/31/2024 16:00,"(40.43093, -86.911617)",era5,218.14,-5,3.17,8.81,65.36,62.42,10.31
12/31/2024 17:00,"(40.43093, -86.911617)",era5,218.14,-5,2.81,7.62,32.81,32.82,0
12/31/2024 18:00,"(40.43093, -86.911617)",era5,218.14,-5,2.53,7.55,1.79,1.84,0
12/31/2024 19:00,"(40.43093, -86.911617)",era5,218.14,-5,2.52,7.18,0,0,0
12/31/2024 20:00,"(40.43093, -86.911617)",era5,218.14,-5,2.81,6.73,0,0,0
12/31/2024 21:00,"(40.43093, -86.911617)",era5,218.14,-5,2.48,6.31,0,0,0
12/31/2024 22:00,"(40.43093, -86.911617)",era5,218.14,-5,2.31,6.01,0,0,0
12/31/2024 23:00,"(40.43093, -86.911617)",era5,218.14,-5,2.05,5.81,0,0,0
1/1/2025 0:00,"(40.43093, -86.911617)",era5,218.14,-5,1.76,5.58,0,0,0
1/1/2025 1:00,"(40.43093, -86.911617)",era5,218.14,-5,1.51,5.61,0,0,0
1/1/2025 2:00,"(40.43093, -86.911617)",era5,218.14,-5,1.39,5.49,0,0,0
1/1/2025 3:00,"(40.43093, -86.911617)",era5,218.14,-5,0.76,5.47,0,0,0
1/1/2025 4:00,"(40.43093, -86.911617)",era5,218.14,-5,0.29,5.61,0,0,0
1/1/2025 5:00,"(40.43093, -86.911617)",era5,218.14,-5,-0.62,5.2,0,0,0
1/1/2025 6:00,"(40.43093, -86.911617)",era5,218.14,-5,-0.93,5.65,0,0,0
1/1/2025 7:00,"(40.43093, -86.911617)",era5,218.14,-5,-0.92,5.41,0,0,0
1/1/2025 8:00,"(40.43093, -86.911617)",era5,218.14,-5,-0.82,5.41,0,0,0
1/1/2025 9:00,"(40.43093, -86.911617)",era5,218.14,-5,-0.87,5.38,16.63,11.15,0
1/1/2025 10:00,"(40.43093, -86.911617)",era5,218.14,-5,-0.49,6.88,79.96,64.85,77.67
1/1/2025 11:00,"(40.43093, -86.911617)",era5,218.14,-5,-0.06,8.19,177.46,135.87,130.44
1/1/2025 12:00,"(40.43093, -86.911617)",era5,218.14,-5,0.37,8,288.12,173.86,282.53
1/1/2025 13:00,"(40.43093, -86.911617)",era5,218.14,-5,0.58,8.22,306.63,203.58,231.49
1/1/2025 14:00,"(40.43093, -86.911617)",era5,218.14,-5,0.62,8.61,247.21,198.58,110.92
1/1/2025 15:00,"(40.43093, -86.911617)",era5,218.14,-5,0.95,8.58,217.35,164.95,136.26
1/1/2025 16:00,"(40.43093, -86.911617)",era5,218.14,-5,0.73,7.77,147.3,125.51,75.81
1/1/2025 17:00,"(40.43093, -86.911617)",era5,218.14,-5,-0.08,6.47,51.58,43.22,54.57
1/1/2025 18:00,"(40.43093, -86.911617)",era5,218.14,-5,-0.5,5.52,6.15,5.14,0
1/1/2025 19:00,"(40.43093, -86.911617)",era5,218.14,-5,-0.7,5.1,0,0,0
1/1/2025 20:00,"(40.43093, -86.911617)",era5,218.14,-5,-1.15,4.91,0,0,0
1/1/2025 21:00,"(40.43093, -86.911617)",era5,218.14,-5,-1.26,4.76,0,0,0
1/1/2025 22:00,"(40.43093, -86.911617)",era5,218.14,-5,-1.42,4.74,0,0,0
1/1/2025 23:00,"(40.43093, -86.911617)",era5,218.14,-5,-1.79,4.43,0,0,0
1/2/2025 0:00,"(40.43093, -86.911617)",era5,218.14,-5,-2.47,3.95,0,0,0
1/2/2025 1:00,"(40.43093, -86.911617)",era5,218.14,-5,-2.98,3.87,0,0,0
1/2/2025 2:00,"(40.43093, -86.911617)",era5,218.14,-5,-3.47,4.02,0,0,0
1/2/2025 3:00,"(40.43093, -86.911617)",era5,218.14,-5,-3.94,4.39,0,0,0
1/2/2025 4:00,"(40.43093, -86.911617)",era5,218.14,-5,-4.03,4.29,0,0,0
1/2/2025 5:00,"(40.43093, -86.911617)",era5,218.14,-5,-4.53,3.52,0,0,0
1/2/2025 6:00,"(40.43093, -86.911617)",era5,218.14,-5,-4.34,3.56,0,0,0
1/2/2025 7:00,"(40.43093, -86.911617)",era5,218.14,-5,-4.62,3.14,0,0,0
1/2/2025 8:00,"(40.43093, -86.911617)",era5,218.14,-5,-4.83,2.86,0,0,0
1/2/2025 9:00,"(40.43093, -86.911617)",era5,218.14,-5,-4.11,3.27,25.37,16.49,0
1/2/2025 10:00,"(40.43093, -86.911617)",era5,218.14,-5,-2.34,3.45,164.8,46.76,606.6
1/2/2025 11:00,"(40.43093, -86.911617)",era5,218.14,-5,-0.97,4.04,306.77,61.95,766.47
1/2/2025 12:00,"(40.43093, -86.911617)",era5,218.14,-5,0.61,4.41,408.98,70.11,836.05
1/2/2025 13:00,"(40.43093, -86.911617)",era5,218.14,-5,1.62,4.69,458.34,73.73,861.41
1/2/2025 14:00,"(40.43093, -86.911617)",era5,218.14,-5,2.41,4.9,368.19,128.16,545.43
1/2/2025 15:00,"(40.43093, -86.911617)",era5,218.14,-5,2.96,4.99,294.23,144.04,388.53
1/2/2025 16:00,"(40.43093, -86.911617)",era5,218.14,-5,3.36,4.42,147.03,113.15,116.98
1/2/2025 17:00,"(40.43093, -86.911617)",era5,218.14,-5,2.68,1.99,73.09,56.61,105.82
1/2/2025 18:00,"(40.43093, -86.911617)",era5,218.14,-5,1.47,1.42,5.74,5.27,0
1/2/2025 19:00,"(40.43093, -86.911617)",era5,218.14,-5,1.43,1.09,0,0,0
1/2/2025 20:00,"(40.43093, -86.911617)",era5,218.14,-5,1.1,0.38,0,0,0
1/2/2025 21:00,"(40.43093, -86.911617)",era5,218.14,-5,0.99,0.42,0,0,0
1/2/2025 22:00,"(40.43093, -86.911617)",era5,218.14,-5,1.17,0.75,0,0,0
1/2/2025 23:00,"(40.43093, -86.911617)",era5,218.14,-5,1.02,1.55,0,0,0
1/3/2025 0:00,"(40.43093, -86.911617)",era5,218.14,-5,0.67,2.7,0,0,0
1/3/2025 1:00,"(40.43093, -86.911617)",era5,218.14,-5,0.11,3.97,0,0,0
1/3/2025 2:00,"(40.43093, -86.911617)",era5,218.14,-5,-1.48,4.88,0,0,0
1/3/2025 3:00,"(40.43093, -86.911617)",era5,218.14,-5,-2.71,5.53,0,0,0
1/3/2025 4:00,"(40.43093, -86.911617)",era5,218.14,-5,-3.78,5.35,0,0,0
1/3/2025 5:00,"(40.43093, -86.911617)",era5,218.14,-5,-5.66,4.56,0,0,0
1/3/2025 6:00,"(40.43093, -86.911617)",era5,218.14,-5,-5.67,4.7,0,0,0
1/3/2025 7:00,"(40.43093, -86.911617)",era5,218.14,-5,-5.76,5.39,0,0,0
1/3/2025 8:00,"(40.43093, -86.911617)",era5,218.14,-5,-6.13,5.9,0,0,0
1/3/2025 9:00,"(40.43093, -86.911617)",era5,218.14,-5,-6.46,5.8,30.08,13.12,0
1/3/2025 10:00,"(40.43093, -86.911617)",era5,218.14,-5,-5.97,7.18,160.43,60.26,514.03
1/3/2025 11:00,"(40.43093, -86.911617)",era5,218.14,-5,-5.58,7.05,299.76,84.16,673.68
1/3/2025 12:00,"(40.43093, -86.911617)",era5,218.14,-5,-4.82,6.91,390.81,121.36,663.1
1/3/2025 13:00,"(40.43093, -86.911617)",era5,218.14,-5,-4,6.9,442.25,128.38,700.78
1/3/2025 14:00,"(40.43093, -86.911617)",era5,218.14,-5,-3.64,7.35,409.49,168.72,544.91
1/3/2025 15:00,"(40.43093, -86.911617)",era5,218.14,-5,-3.6,7.6,339.56,143.51,504.45
1/3/2025 16:00,"(40.43093, -86.911617)",era5,218.14,-5,-3.73,7.17,257.19,88.91,576.51
1/3/2025 17:00,"(40.43093, -86.911617)",era5,218.14,-5,-4.92,5.84,116.24,54.38,391.06
1/3/2025 18:00,"(40.43093, -86.911617)",era5,218.14,-5,-5.93,5.43,10.73,6.37,0
1/3/2025 19:00,"(40.43093, -86.911617)",era5,218.14,-5,-6.62,5.11,0,0,0
1/3/2025 20:00,"(40.43093, -86.911617)",era5,218.14,-5,-6.98,4.97,0,0,0
1/3/2025 21:00,"(40.43093, -86.911617)",era5,218.14,-5,-7.42,4.97,0,0,0
1/3/2025 22:00,"(40.43093, -86.911617)",era5,218.14,-5,-7.62,5.12,0,0,0
1/3/2025 23:00,"(40.43093, -86.911617)",era5,218.14,-5,-7.78,5.15,0,0,0
1/4/2025 0:00,"(40.43093, -86.911617)",era5,218.14,-5,-8.22,5.01,0,0,0
1/4/2025 1:00,"(40.43093, -86.911617)",era5,218.14,-5,-8.36,4.8,0,0,0
1/4/2025 2:00,"(40.43093, -86.911617)",era5,218.14,-5,-8.61,4.69,0,0,0
1/4/2025 3:00,"(40.43093, -86.911617)",era5,218.14,-5,-9.51,4.59,0,0,0
1/4/2025 4:00,"(40.43093, -86.911617)",era5,218.14,-5,-9.59,4.51,0,0,0
1/4/2025 5:00,"(40.43093, -86.911617)",era5,218.14,-5,-11.2,3.87,0,0,0
1/4/2025 6:00,"(40.43093, -86.911617)",era5,218.14,-5,-11.2,3.91,0,0,0
1/4/2025 7:00,"(40.43093, -86.911617)",era5,218.14,-5,-11.16,4.05,0,0,0
1/4/2025 8:00,"(40.43093, -86.911617)",era5,218.14,-5,-11.33,3.92,0,0,0
1/4/2025 9:00,"(40.43093, -86.911617)",era5,218.14,-5,-10.73,4.07,32.23,12.76,0
1/4/2025 10:00,"(40.43093, -86.911617)",era5,218.14,-5,-9.73,4.53,177.81,46.76,671.26
1/4/2025 11:00,"(40.43093, -86.911617)",era5,218.14,-5,-8.82,4.41,326.26,63.52,819.04
1/4/2025 12:00,"(40.43093, -86.911617)",era5,218.14,-5,-7.47,4.43,434.54,71.31,891.41
1/4/2025 13:00,"(40.43093, -86.911617)",era5,218.14,-5,-6.37,4.42,485.66,76.79,909.77
1/4/2025 14:00,"(40.43093, -86.911617)",era5,218.14,-5,-5.68,4.51,454.44,110.09,776.01
1/4/2025 15:00,"(40.43093, -86.911617)",era5,218.14,-5,-5.15,4.25,376,120.66,653.29
1/4/2025 16:00,"(40.43093, -86.911617)",era5,218.14,-5,-5.09,3.94,271.87,81.23,647.7
1/4/2025 17:00,"(40.43093, -86.911617)",era5,218.14,-5,-5.93,2.54,128.14,48.93,492.63
1/4/2025 18:00,"(40.43093, -86.911617)",era5,218.14,-5,-7.12,1.81,12.11,7.09,0
1/4/2025 19:00,"(40.43093, -86.911617)",era5,218.14,-5,-7.78,2.15,0,0,0
1/4/2025 20:00,"(40.43093, -86.911617)",era5,218.14,-5,-8.34,1.86,0,0,0
1/4/2025 21:00,"(40.43093, -86.911617)",era5,218.14,-5,-8.53,2.13,0,0,0
1/4/2025 22:00,"(40.43093, -86.911617)",era5,218.14,-5,-8.59,2.21,0,0,0
1/4/2025 23:00,"(40.43093, -86.911617)",era5,218.14,-5,-8.26,2.26,0,0,0
1/5/2025 0:00,"(40.43093, -86.911617)",era5,218.14,-5,-7.84,2.42,0,0,0
1/5/2025 1:00,"(40.43093, -86.911617)",era5,218.14,-5,-7.57,2.53,0,0,0
1/5/2025 2:00,"(40.43093, -86.911617)",era5,218.14,-5,-7.53,2.51,0,0,0
1/5/2025 3:00,"(40.43093, -86.911617)",era5,218.14,-5,-7.04,2.23,0,0,0
1/5/2025 4:00,"(40.43093, -86.911617)",era5,218.14,-5,-6.59,2.18,0,0,0
1/5/2025 5:00,"(40.43093, -86.911617)",era5,218.14,-5,-7.38,1.37,0,0,0
1/5/2025 6:00,"(40.43093, -86.911617)",era5,218.14,-5,-7.4,0.77,0,0,0
1/5/2025 7:00,"(40.43093, -86.911617)",era5,218.14,-5,-7.15,0.48,0,0,0
1/5/2025 8:00,"(40.43093, -86.911617)",era5,218.14,-5,-7.01,0.15,0,0,0
1/5/2025 9:00,"(40.43093, -86.911617)",era5,218.14,-5,-6.93,0.95,9.84,9.6,0
1/5/2025 10:00,"(40.43093, -86.911617)",era5,218.14,-5,-6.71,1.14,56.95,53.26,18.85
1/5/2025 11:00,"(40.43093, -86.911617)",era5,218.14,-5,-6.2,1.51,124.65,121.43,10.03
1/5/2025 12:00,"(40.43093, -86.911617)",era5,218.14,-5,-5.71,1.91,127.41,125.76,4.02
1/5/2025 13:00,"(40.43093, -86.911617)",era5,218.14,-5,-5.3,2.51,161.45,155.01,14.28
1/5/2025 14:00,"(40.43093, -86.911617)",era5,218.14,-5,-5.12,3.06,212.71,175.13,84.29
1/5/2025 15:00,"(40.43093, -86.911617)",era5,218.14,-5,-5.17,3.85,124.03,118.1,15.08
1/5/2025 16:00,"(40.43093, -86.911617)",era5,218.14,-5,-5.17,4.51,81.72,81.29,1.46
1/5/2025 17:00,"(40.43093, -86.911617)",era5,218.14,-5,-5.22,4.24,40.42,40.18,1.45
1/5/2025 18:00,"(40.43093, -86.911617)",era5,218.14,-5,-5.2,4.95,3.27,3.31,0
1/5/2025 19:00,"(40.43093, -86.911617)",era5,218.14,-5,-5.29,5.2,0,0,0
1/5/2025 20:00,"(40.43093, -86.911617)",era5,218.14,-5,-5.59,4.84,0,0,0
1/5/2025 21:00,"(40.43093, -86.911617)",era5,218.14,-5,-5.45,4.97,0,0,0
1/5/2025 22:00,"(40.43093, -86.911617)",era5,218.14,-5,-5.36,5.19,0,0,0
1/5/2025 23:00,"(40.43093, -86.911617)",era5,218.14,-5,-5.61,5.39,0,0,0
1/6/2025 0:00,"(40.43093, -86.911617)",era5,218.14,-5,-5.62,5.76,0,0,0
1/6/2025 1:00,"(40.43093, -86.911617)",era5,218.14,-5,-5.48,6.75,0,0,0
1/6/2025 2:00,"(40.43093, -86.911617)",era5,218.14,-5,-5.78,7.05,0,0,0
1/6/2025 3:00,"(40.43093, -86.911617)",era5,218.14,-5,-6.19,7.04,0,0,0
1/6/2025 4:00,"(40.43093, -86.911617)",era5,218.14,-5,-6.02,7.2,0,0,0
1/6/2025 5:00,"(40.43093, -86.911617)",era5,218.14,-5,-6.37,6.55,0,0,0
1/6/2025 6:00,"(40.43093, -86.911617)",era5,218.14,-5,-6.57,6.44,0,0,0
1/6/2025 7:00,"(40.43093, -86.911617)",era5,218.14,-5,-6.56,6.19,0,0,0
1/6/2025 8:00,"(40.43093, -86.911617)",era5,218.14,-5,-6.52,5.71,0,0,0
1/6/2025 9:00,"(40.43093, -86.911617)",era5,218.14,-5,-6.26,5.19,16.97,14.98,0
1/6/2025 10:00,"(40.43093, -86.911617)",era5,218.14,-5,-5.78,4.91,124.94,92.66,164.4
1/6/2025 11:00,"(40.43093, -86.911617)",era5,218.14,-5,-5.38,5.76,247.3,140.12,332.22
1/6/2025 12:00,"(40.43093, -86.911617)",era5,218.14,-5,-4.43,5.64,362.88,161.45,491.16
1/6/2025 13:00,"(40.43093, -86.911617)",era5,218.14,-5,-3.71,5.44,429.03,163.53,586.32
1/6/2025 14:00,"(40.43093, -86.911617)",era5,218.14,-5,-3.4,5.38,424.6,185.42,534.07
1/6/2025 15:00,"(40.43093, -86.911617)",era5,218.14,-5,-3.15,5.39,357.55,185.88,434
1/6/2025 16:00,"(40.43093, -86.911617)",era5,218.14,-5,-3.16,4.88,202.31,146.49,186.41
1/6/2025 17:00,"(40.43093, -86.911617)",era5,218.14,-5,-3.29,4.31,91.86,79.36,75.23
1/6/2025 18:00,"(40.43093, -86.911617)",era5,218.14,-5,-3.1,4.52,9.66,8.11,0
1/6/2025 19:00,"(40.43093, -86.911617)",era5,218.14,-5,-3.13,4.29,0,0,0
1/6/2025 20:00,"(40.43093, -86.911617)",era5,218.14,-5,-3.24,3.78,0,0,0
1/6/2025 21:00,"(40.43093, -86.911617)",era5,218.14,-5,-3.19,3.24,0,0,0
1/6/2025 22:00,"(40.43093, -86.911617)",era5,218.14,-5,-3.53,2.71,0,0,0
1/6/2025 23:00,"(40.43093, -86.911617)",era5,218.14,-5,-4.01,1.98,0,0,0
1/7/2025 0:00,"(40.43093, -86.911617)",era5,218.14,-5,-5.05,1.48,0,0,0
1/7/2025 1:00,"(40.43093, -86.911617)",era5,218.14,-5,-4.82,1.21,0,0,0
1/7/2025 2:00,"(40.43093, -86.911617)",era5,218.14,-5,-4.46,1.37,0,0,0
1/7/2025 3:00,"(40.43093, -86.911617)",era5,218.14,-5,-4.69,1.8,0,0,0
1/7/2025 4:00,"(40.43093, -86.911617)",era5,218.14,-5,-4.43,1.97,0,0,0
1/7/2025 5:00,"(40.43093, -86.911617)",era5,218.14,-5,-4.62,2.71,0,0,0
1/7/2025 6:00,"(40.43093, -86.911617)",era5,218.14,-5,-4.77,2.62,0,0,0
1/7/2025 7:00,"(40.43093, -86.911617)",era5,218.14,-5,-4.68,2.99,0,0,0
1/7/2025 8:00,"(40.43093, -86.911617)",era5,218.14,-5,-5.11,3.37,0,0,0
1/7/2025 9:00,"(40.43093, -86.911617)",era5,218.14,-5,-5.37,3.71,25.22,16.78,0
1/7/2025 10:00,"(40.43093, -86.911617)",era5,218.14,-5,-5.93,4,141.32,84.01,290.82
1/7/2025 11:00,"(40.43093, -86.911617)",era5,218.14,-5,-5.65,3.9,253.68,128.44,386.86
1/7/2025 12:00,"(40.43093, -86.911617)",era5,218.14,-5,-5.16,3.71,359.25,189.39,412.7
1/7/2025 13:00,"(40.43093, -86.911617)",era5,218.14,-5,-4.62,3.4,453.3,198.24,560.96
1/7/2025 14:00,"(40.43093, -86.911617)",era5,218.14,-5,-4.45,3.3,438.54,192.98,545.61
1/7/2025 15:00,"(40.43093, -86.911617)",era5,218.14,-5,-4.44,3.25,353.54,187.38,417.46
1/7/2025 16:00,"(40.43093, -86.911617)",era5,218.14,-5,-4.82,2.73,229.54,160.94,227.01
1/7/2025 17:00,"(40.43093, -86.911617)",era5,218.14,-5,-6.45,2.61,129.56,75.49,319.98
1/7/2025 18:00,"(40.43093, -86.911617)",era5,218.14,-5,-7.8,2.93,14.54,10.64,0
1/7/2025 19:00,"(40.43093, -86.911617)",era5,218.14,-5,-8.57,2.79,0,0,0
1/7/2025 20:00,"(40.43093, -86.911617)",era5,218.14,-5,-8.65,2.58,0,0,0
1/7/2025 21:00,"(40.43093, -86.911617)",era5,218.14,-5,-9.16,2.46,0,0,0
1/7/2025 22:00,"(40.43093, -86.911617)",era5,218.14,-5,-9.84,2.61,0,0,0
1/7/2025 23:00,"(40.43093, -86.911617)",era5,218.14,-5,-9.9,2.48,0,0,0
1/8/2025 0:00,"(40.43093, -86.911617)",era5,218.14,-5,-11.3,2.53,0,0,0
1/8/2025 1:00,"(40.43093, -86.911617)",era5,218.14,-5,-12.35,2.52,0,0,0
1/8/2025 2:00,"(40.43093, -86.911617)",era5,218.14,-5,-12.83,2.63,0,0,0
1/8/2025 3:00,"(40.43093, -86.911617)",era5,218.14,-5,-13.51,2.76,0,0,0
1/8/2025 4:00,"(40.43093, -86.911617)",era5,218.14,-5,-13.19,2.75,0,0,0
1/8/2025 5:00,"(40.43093, -86.911617)",era5,218.14,-5,-12.66,3.29,0,0,0
1/8/2025 6:00,"(40.43093, -86.911617)",era5,218.14,-5,-11.62,3.24,0,0,0
1/8/2025 7:00,"(40.43093, -86.911617)",era5,218.14,-5,-11.27,3.37,0,0,0
1/8/2025 8:00,"(40.43093, -86.911617)",era5,218.14,-5,-10.78,3.37,0,0,0
1/8/2025 9:00,"(40.43093, -86.911617)",era5,218.14,-5,-9.6,2.27,26.05,20.13,0
1/8/2025 10:00,"(40.43093, -86.911617)",era5,218.14,-5,-8.56,2.23,145.59,81.48,323.9
1/8/2025 11:00,"(40.43093, -86.911617)",era5,218.14,-5,-7.8,2.6,330.01,87.97,744.86
1/8/2025 12:00,"(40.43093, -86.911617)",era5,218.14,-5,-6.58,2.8,454.15,83.98,895.87
1/8/2025 13:00,"(40.43093, -86.911617)",era5,218.14,-5,-5.95,3.15,512.66,90.11,925.31
1/8/2025 14:00,"(40.43093, -86.911617)",era5,218.14,-5,-5.74,3.42,500.12,100.47,883.43
1/8/2025 15:00,"(40.43093, -86.911617)",era5,218.14,-5,-5.51,3.53,433.26,91.12,853.97
1/8/2025 16:00,"(40.43093, -86.911617)",era5,218.14,-5,-5.68,3.1,302.91,87.04,707.86
1/8/2025 17:00,"(40.43093, -86.911617)",era5,218.14,-5,-6.93,2.45,137.09,67.46,405.08
1/8/2025 18:00,"(40.43093, -86.911617)",era5,218.14,-5,-7.99,2.47,15.58,11.15,0
1/8/2025 19:00,"(40.43093, -86.911617)",era5,218.14,-5,-9.39,2.44,0,0,0
1/8/2025 20:00,"(40.43093, -86.911617)",era5,218.14,-5,-10.06,2.44,0,0,0
1/8/2025 21:00,"(40.43093, -86.911617)",era5,218.14,-5,-11.01,2.61,0,0,0
1/8/2025 22:00,"(40.43093, -86.911617)",era5,218.14,-5,-11.68,2.51,0,0,0
1/8/2025 23:00,"(40.43093, -86.911617)",era5,218.14,-5,-12.3,2.57,0,0,0
1/9/2025 0:00,"(40.43093, -86.911617)",era5,218.14,-5,-12.76,2.6,0,0,0
1/9/2025 1:00,"(40.43093, -86.911617)",era5,218.14,-5,-13.23,2.65,0,0,0
1/9/2025 2:00,"(40.43093, -86.911617)",era5,218.14,-5,-13.55,2.54,0,0,0
1/9/2025 3:00,"(40.43093, -86.911617)",era5,218.14,-5,-14.71,2.55,0,0,0
1/9/2025 4:00,"(40.43093, -86.911617)",era5,218.14,-5,-15.42,3.36,0,0,0
1/9/2025 5:00,"(40.43093, -86.911617)",era5,218.14,-5,-14.17,3.3,0,0,0
1/9/2025 6:00,"(40.43093, -86.911617)",era5,218.14,-5,-12.45,2.75,0,0,0
1/9/2025 7:00,"(40.43093, -86.911617)",era5,218.14,-5,-14.17,2.59,0,0,0
1/9/2025 8:00,"(40.43093, -86.911617)",era5,218.14,-5,-15.92,2.45,0,0,0
1/9/2025 9:00,"(40.43093, -86.911617)",era5,218.14,-5,-15.21,2.84,33.12,13.69,0
1/9/2025 10:00,"(40.43093, -86.911617)",era5,218.14,-5,-11.96,2.33,180.76,52.38,645.52
1/9/2025 11:00,"(40.43093, -86.911617)",era5,218.14,-5,-10.18,3.08,331.95,73.92,790.81
1/9/2025 12:00,"(40.43093, -86.911617)",era5,218.14,-5,-7.73,3.1,442.59,86.21,858.95
1/9/2025 13:00,"(40.43093, -86.911617)",era5,218.14,-5,-6.73,3.54,498.12,91.8,885.71
1/9/2025 14:00,"(40.43093, -86.911617)",era5,218.14,-5,-6.32,3.46,491.32,91.06,880.1
1/9/2025 15:00,"(40.43093, -86.911617)",era5,218.14,-5,-5.92,4.07,425.68,84.67,845.48
1/9/2025 16:00,"(40.43093, -86.911617)",era5,218.14,-5,-5.58,2.7,300.18,82.74,706.34
1/9/2025 17:00,"(40.43093, -86.911617)",era5,218.14,-5,-7.67,1.92,151.82,48.73,589.56
1/9/2025 18:00,"(40.43093, -86.911617)",era5,218.14,-5,-8.36,2.69,17.33,10.91,0
1/9/2025 19:00,"(40.43093, -86.911617)",era5,218.14,-5,-8.06,2.58,0,0,0
1/9/2025 20:00,"(40.43093, -86.911617)",era5,218.14,-5,-8.8,2.93,0,0,0
1/9/2025 21:00,"(40.43093, -86.911617)",era5,218.14,-5,-9.04,3.05,0,0,0
1/9/2025 22:00,"(40.43093, -86.911617)",era5,218.14,-5,-8.26,3.85,0,0,0
1/9/2025 23:00,"(40.43093, -86.911617)",era5,218.14,-5,-8.1,3.32,0,0,0
1/10/2025 0:00,"(40.43093, -86.911617)",era5,218.14,-5,-8.73,4.32,0,0,0
1/10/2025 1:00,"(40.43093, -86.911617)",era5,218.14,-5,-8.29,3.75,0,0,0
1/10/2025 2:00,"(40.43093, -86.911617)",era5,218.14,-5,-7.34,3.65,0,0,0
1/10/2025 3:00,"(40.43093, -86.911617)",era5,218.14,-5,-6.28,3.5,0,0,0
1/10/2025 4:00,"(40.43093, -86.911617)",era5,218.14,-5,-6.52,3.69,0,0,0
1/10/2025 5:00,"(40.43093, -86.911617)",era5,218.14,-5,-5.71,3.36,0,0,0
1/10/2025 6:00,"(40.43093, -86.911617)",era5,218.14,-5,-5.68,2.73,0,0,0
1/10/2025 7:00,"(40.43093, -86.911617)",era5,218.14,-5,-5.33,2.86,0,0,0
1/10/2025 8:00,"(40.43093, -86.911617)",era5,218.14,-5,-5.3,3.35,0,0,0
1/10/2025 9:00,"(40.43093, -86.911617)",era5,218.14,-5,-5.16,3.89,13.16,13.13,0
1/10/2025 10:00,"(40.43093, -86.911617)",era5,218.14,-5,-4.95,4.12,85.34,84.67,3.36
1/10/2025 11:00,"(40.43093, -86.911617)",era5,218.14,-5,-4.97,4.37,99.34,99.05,0.91
1/10/2025 12:00,"(40.43093, -86.911617)",era5,218.14,-5,-4.57,4.3,171.45,168.98,5.93
1/10/2025 13:00,"(40.43093, -86.911617)",era5,218.14,-5,-4.25,4.39,192.01,188.56,7.49
1/10/2025 14:00,"(40.43093, -86.911617)",era5,218.14,-5,-4.2,4.22,234.09,232.05,4.46
1/10/2025 15:00,"(40.43093, -86.911617)",era5,218.14,-5,-4.17,3.59,193.77,192.83,2.33
1/10/2025 16:00,"(40.43093, -86.911617)",era5,218.14,-5,-4.04,3.58,113.2,112.99,0.66
1/10/2025 17:00,"(40.43093, -86.911617)",era5,218.14,-5,-3.95,3.27,50.93,50.87,0.31
1/10/2025 18:00,"(40.43093, -86.911617)",era5,218.14,-5,-3.86,3.15,7.43,7.47,0
1/10/2025 19:00,"(40.43093, -86.911617)",era5,218.14,-5,-3.79,3.25,0,0,0
1/10/2025 20:00,"(40.43093, -86.911617)",era5,218.14,-5,-3.67,3.51,0,0,0
1/10/2025 21:00,"(40.43093, -86.911617)",era5,218.14,-5,-3.63,3.68,0,0,0
1/10/2025 22:00,"(40.43093, -86.911617)",era5,218.14,-5,-3.66,3.82,0,0,0
1/10/2025 23:00,"(40.43093, -86.911617)",era5,218.14,-5,-3.58,4.05,0,0,0
1/11/2025 0:00,"(40.43093, -86.911617)",era5,218.14,-5,-3.29,4.5,0,0,0
1/11/2025 1:00,"(40.43093, -86.911617)",era5,218.14,-5,-3.11,4.84,0,0,0
1/11/2025 2:00,"(40.43093, -86.911617)",era5,218.14,-5,-3.34,4.46,0,0,0
1/11/2025 3:00,"(40.43093, -86.911617)",era5,218.14,-5,-3.31,4.42,0,0,0
1/11/2025 4:00,"(40.43093, -86.911617)",era5,218.14,-5,-3.68,4.4,0,0,0
1/11/2025 5:00,"(40.43093, -86.911617)",era5,218.14,-5,-4.61,3.9,0,0,0
1/11/2025 6:00,"(40.43093, -86.911617)",era5,218.14,-5,-4.73,3.81,0,0,0
1/11/2025 7:00,"(40.43093, -86.911617)",era5,218.14,-5,-4.69,3.71,0,0,0
1/11/2025 8:00,"(40.43093, -86.911617)",gfs,218.14,-5,-6.97,3.43,0,0,0
1/11/2025 9:00,"(40.43093, -86.911617)",gfs,218.14,-5,-7.08,3.21,67.56,10.27,0
1/11/2025 10:00,"(40.43093, -86.911617)",gfs,218.14,-5,-4.97,3.37,223.12,32.7,157.98
1/11/2025 11:00,"(40.43093, -86.911617)",gfs,218.14,-5,-3.41,3.82,363.36,52.49,227.09
1/11/2025 12:00,"(40.43093, -86.911617)",gfs,218.14,-5,-2.38,3.98,455.64,67.19,286.07
1/11/2025 13:00,"(40.43093, -86.911617)",gfs,218.14,-5,-1.84,3.78,463.29,98.49,288.26
1/11/2025 14:00,"(40.43093, -86.911617)",gfs,218.14,-5,-1.48,4.41,446.71,198.31,576.69
1/11/2025 15:00,"(40.43093, -86.911617)",gfs,218.14,-5,-1.54,3.78,369.54,166.01,659.89
1/11/2025 16:00,"(40.43093, -86.911617)",gfs,218.14,-5,-1.98,2.8,236.75,150.12,756.15
1/11/2025 17:00,"(40.43093, -86.911617)",gfs,218.14,-5,-3.92,2.2,68.8,141.01,986.96
1/11/2025 18:00,"(40.43093, -86.911617)",gfs,218.14,-5,-6.62,2.07,0,116.02,0
1/11/2025 19:00,"(40.43093, -86.911617)",gfs,218.14,-5,-7.12,2.56,0,96.69,0
1/11/2025 20:00,"(40.43093, -86.911617)",gfs,218.14,-5,-7.56,2.37,0,0,0
1/11/2025 21:00,"(40.43093, -86.911617)",gfs,218.14,-5,-7.55,2.92,0,0,0
1/11/2025 22:00,"(40.43093, -86.911617)",gfs,218.14,-5,-6.58,3.18,0,0,0
1/11/2025 23:00,"(40.43093, -86.911617)",gfs,218.14,-5,-5.19,3.93,0,0,0
1/12/2025 0:00,"(40.43093, -86.911617)",gfs,218.14,-5,-5.19,4.23,0,0,0
1/12/2025 1:00,"(40.43093, -86.911617)",gfs,218.14,-5,-5.2,4.42,0,0,0
1/12/2025 2:00,"(40.43093, -86.911617)",gfs,218.14,-5,-4.77,4.49,0,0,0
1/12/2025 3:00,"(40.43093, -86.911617)",gfs,218.14,-5,-4.48,4.65,0,0,0
1/12/2025 4:00,"(40.43093, -86.911617)",gfs,218.14,-5,-4.51,4.74,0,0,0
1/12/2025 5:00,"(40.43093, -86.911617)",gfs,218.14,-5,-4.18,5.23,0,0,0
1/12/2025 6:00,"(40.43093, -86.911617)",gfs,218.14,-5,-4.55,5.64,0,0,0
1/12/2025 7:00,"(40.43093, -86.911617)",gfs,218.14,-5,-3.43,5.87,0,0,0
1/12/2025 8:00,"(40.43093, -86.911617)",gfs,218.14,-5,-2.5,6.24,0,0,0
1/12/2025 9:00,"(40.43093, -86.911617)",gfs,218.14,-5,-2.88,6.79,56.17,11.08,0
1/12/2025 10:00,"(40.43093, -86.911617)",gfs,218.14,-5,-2.46,6.57,185.15,49.51,20.19
1/12/2025 11:00,"(40.43093, -86.911617)",gfs,218.14,-5,-1.45,6.7,294.7,96.02,24.75
1/12/2025 12:00,"(40.43093, -86.911617)",gfs,218.14,-5,-0.58,6.81,305.33,132.19,19.7
1/12/2025 13:00,"(40.43093, -86.911617)",gfs,218.14,-5,-0.32,6.97,301.8,159.33,15.64
1/12/2025 14:00,"(40.43093, -86.911617)",gfs,218.14,-5,0.1,6.77,262.38,272.1,0.15
1/12/2025 15:00,"(40.43093, -86.911617)",gfs,218.14,-5,0.42,6.4,240.48,268.29,1.28
1/12/2025 16:00,"(40.43093, -86.911617)",gfs,218.14,-5,0.55,6.39,131.92,232.11,3.17
1/12/2025 17:00,"(40.43093, -86.911617)",gfs,218.14,-5,0.53,6.45,30.83,186.92,4.08
1/12/2025 18:00,"(40.43093, -86.911617)",gfs,218.14,-5,0.71,6.9,0,150.6,0
1/12/2025 19:00,"(40.43093, -86.911617)",gfs,218.14,-5,0.67,6.23,0,125.47,0
1/12/2025 20:00,"(40.43093, -86.911617)",gfs,218.14,-5,0.42,6.81,0,0,0
1/12/2025 21:00,"(40.43093, -86.911617)",gfs,218.14,-5,-1.9,4.82,0,0,0
1/12/2025 22:00,"(40.43093, -86.911617)",gfs,218.14,-5,-4.38,3.9,0,0,0
1/12/2025 23:00,"(40.43093, -86.911617)",gfs,218.14,-5,-5.38,3.98,0,0,0
1/13/2025 0:00,"(40.43093, -86.911617)",gfs,218.14,-5,-5.61,4.83,0,0,0
1/13/2025 1:00,"(40.43093, -86.911617)",gfs,218.14,-5,-5.9,5.26,0,0,0
1/13/2025 2:00,"(40.43093, -86.911617)",gfs,218.14,-5,-6.11,5.58,0,0,0
1/13/2025 3:00,"(40.43093, -86.911617)",gfs,218.14,-5,-6.66,5.72,0,0,0
1/13/2025 4:00,"(40.43093, -86.911617)",gfs,218.14,-5,-7.51,5.84,0,0,0
1/13/2025 5:00,"(40.43093, -86.911617)",gfs,218.14,-5,-8.43,5.65,0,0,0
1/13/2025 6:00,"(40.43093, -86.911617)",gfs,218.14,-5,-9.12,5.6,0,0,0
1/13/2025 7:00,"(40.43093, -86.911617)",gfs,218.14,-5,-9.72,5.46,0,0,0
1/13/2025 8:00,"(40.43093, -86.911617)",gfs,218.14,-5,-10.7,5.56,0,0,0
1/13/2025 9:00,"(40.43093, -86.911617)",gfs,218.14,-5,-11.01,5.52,73.57,10.37,0
1/13/2025 10:00,"(40.43093, -86.911617)",gfs,218.14,-5,-10.71,5.95,237.55,30.94,187.55
1/13/2025 11:00,"(40.43093, -86.911617)",gfs,218.14,-5,-10.23,6.57,384.13,47.72,263.37
1/13/2025 12:00,"(40.43093, -86.911617)",gfs,218.14,-5,-9.5,6.54,478.54,60.77,323.87
1/13/2025 13:00,"(40.43093, -86.911617)",gfs,218.14,-5,-8.77,6.72,511.96,70.77,380.3
1/13/2025 14:00,"(40.43093, -86.911617)",gfs,218.14,-5,-8.5,6.61,482.5,122.73,811.04
1/13/2025 15:00,"(40.43093, -86.911617)",gfs,218.14,-5,-8.41,6.6,393.9,120.24,836.07
1/13/2025 16:00,"(40.43093, -86.911617)",gfs,218.14,-5,-8.47,5.88,255.78,117.82,930.3
1/13/2025 17:00,"(40.43093, -86.911617)",gfs,218.14,-5,-9.15,5.3,94.37,108.12,0
1/13/2025 18:00,"(40.43093, -86.911617)",gfs,218.14,-5,-9.97,4.56,0,89.75,0
1/13/2025 19:00,"(40.43093, -86.911617)",gfs,218.14,-5,-10.31,4.09,0,74.76,0
1/13/2025 20:00,"(40.43093, -86.911617)",gfs,218.14,-5,-11.65,3.27,0,0,0
1/13/2025 21:00,"(40.43093, -86.911617)",gfs,218.14,-5,-11.88,3.66,0,0,0
1/13/2025 22:00,"(40.43093, -86.911617)",gfs,218.14,-5,-11.88,4.1,0,0,0
1/13/2025 23:00,"(40.43093, -86.911617)",gfs,218.14,-5,-11.84,3.89,0,0,0
1/14/2025 0:00,"(40.43093, -86.911617)",gfs,218.14,-5,-11.89,3.78,0,0,0
1/14/2025 1:00,"(40.43093, -86.911617)",gfs,218.14,-5,-11.82,3.94,0,0,0
1/14/2025 2:00,"(40.43093, -86.911617)",gfs,218.14,-5,-12.03,3.82,0,0,0
1/14/2025 3:00,"(40.43093, -86.911617)",gfs,218.14,-5,-12.1,3.83,0,0,0
1/14/2025 4:00,"(40.43093, -86.911617)",gfs,218.14,-5,-12.12,3.76,0,0,0
1/14/2025 5:00,"(40.43093, -86.911617)",gfs,218.14,-5,-11.59,3.89,0,0,0
1/14/2025 6:00,"(40.43093, -86.911617)",gfs,218.14,-5,-12.07,3.95,0,0,0
1/14/2025 7:00,"(40.43093, -86.911617)",gfs,218.14,-5,-10.97,3.98,0,0,0
1/14/2025 8:00,"(40.43093, -86.911617)",gfs,218.14,-5,-10.19,4.46,0,0,0
1/14/2025 9:00,"(40.43093, -86.911617)",gfs,218.14,-5,-9.32,5.56,40.21,8.03,0
1/14/2025 10:00,"(40.43093, -86.911617)",gfs,218.14,-5,-8.09,6.01,101.66,30.82,0
1/14/2025 11:00,"(40.43093, -86.911617)",gfs,218.14,-5,-6.35,5.97,177.73,61.72,0
1/14/2025 12:00,"(40.43093, -86.911617)",gfs,218.14,-5,-5.77,7.32,329.07,110.67,0.57
1/14/2025 13:00,"(40.43093, -86.911617)",gfs,218.14,-5,-7.2,8.26,412.56,155.07,10.9
1/14/2025 14:00,"(40.43093, -86.911617)",gfs,218.14,-5,-8.86,7.69,478.51,160.86,715.22
1/14/2025 15:00,"(40.43093, -86.911617)",gfs,218.14,-5,-9.63,7.31,392.55,157.39,733.6
1/14/2025 16:00,"(40.43093, -86.911617)",gfs,218.14,-5,-10.58,6.44,262.22,139.68,854.36
1/14/2025 17:00,"(40.43093, -86.911617)",gfs,218.14,-5,-11.65,5.35,99.38,122.62,0
1/14/2025 18:00,"(40.43093, -86.911617)",gfs,218.14,-5,-12.84,4.01,0,101.25,0
1/14/2025 19:00,"(40.43093, -86.911617)",gfs,218.14,-5,-13.74,3.15,0,84.36,0
1/14/2025 20:00,"(40.43093, -86.911617)",gfs,218.14,-5,-14.04,3.05,0,0,0
1/14/2025 21:00,"(40.43093, -86.911617)",gfs,218.14,-5,-14.16,2.79,0,0,0
1/14/2025 22:00,"(40.43093, -86.911617)",gfs,218.14,-5,-14.34,2.57,0,0,0
1/14/2025 23:00,"(40.43093, -86.911617)",gfs,218.14,-5,-14.42,2.56,0,0,0
1/15/2025 0:00,"(40.43093, -86.911617)",gfs,218.14,-5,-14.52,2.46,0,0,0
1/15/2025 1:00,"(40.43093, -86.911617)",gfs,218.14,-5,-14.8,2.16,0,0,0
1/15/2025 2:00,"(40.43093, -86.911617)",gfs,218.14,-5,-15.35,1.71,0,0,0
1/15/2025 3:00,"(40.43093, -86.911617)",gfs,218.14,-5,-15.77,1.43,0,0,0
1/15/2025 4:00,"(40.43093, -86.911617)",gfs,218.14,-5,-16.02,1.54,0,0,0
1/15/2025 5:00,"(40.43093, -86.911617)",gfs,218.14,-5,-15.74,2.04,0,0,0
1/15/2025 6:00,"(40.43093, -86.911617)",gfs,218.14,-5,-15.89,1.87,0,0,0
1/15/2025 7:00,"(40.43093, -86.911617)",gfs,218.14,-5,-16.16,1.71,0,0,0
1/15/2025 8:00,"(40.43093, -86.911617)",gfs,218.14,-5,-16.5,2.41,0,0,0
1/15/2025 9:00,"(40.43093, -86.911617)",gfs,218.14,-5,-15.81,2.64,75.46,10.36,0
1/15/2025 10:00,"(40.43093, -86.911617)",gfs,218.14,-5,-14.09,3.39,240.91,29.88,196.67
1/15/2025 11:00,"(40.43093, -86.911617)",gfs,218.14,-5,-12.33,4.12,387.04,46.09,270.21
1/15/2025 12:00,"(40.43093, -86.911617)",gfs,218.14,-5,-10.93,4.51,482.42,58.74,330.02
1/15/2025 13:00,"(40.43093, -86.911617)",gfs,218.14,-5,-9.99,4.58,517.72,68.27,386.97
1/15/2025 14:00,"(40.43093, -86.911617)",gfs,218.14,-5,-9.29,4.67,490.23,115.84,831.49
1/15/2025 15:00,"(40.43093, -86.911617)",gfs,218.14,-5,-8.85,4.67,403.04,112.08,862.91
1/15/2025 16:00,"(40.43093, -86.911617)",gfs,218.14,-5,-8.87,4.47,262.22,109.46,960.71
1/15/2025 17:00,"(40.43093, -86.911617)",gfs,218.14,-5,-9.34,4.16,80.86,113.77,0
1/15/2025 18:00,"(40.43093, -86.911617)",gfs,218.14,-5,-10.32,3.88,0,94.88,0
1/15/2025 19:00,"(40.43093, -86.911617)",gfs,218.14,-5,-11.22,3.55,0,79.01,0
1/15/2025 20:00,"(40.43093, -86.911617)",gfs,218.14,-5,-11.35,4.37,0,0,0
1/15/2025 21:00,"(40.43093, -86.911617)",gfs,218.14,-5,-10.92,5.24,0,0,0
1/15/2025 22:00,"(40.43093, -86.911617)",gfs,218.14,-5,-10.39,5.86,0,0,0
1/15/2025 23:00,"(40.43093, -86.911617)",gfs,218.14,-5,-10.23,5.68,0,0,0
1/16/2025 0:00,"(40.43093, -86.911617)",gfs,218.14,-5,-9.76,6.07,0,0,0
1/16/2025 1:00,"(40.43093, -86.911617)",gfs,218.14,-5,-8.66,6.07,0,0,0
1/16/2025 2:00,"(40.43093, -86.911617)",gfs,218.14,-5,-7.91,5.67,0,0,0
1/16/2025 3:00,"(40.43093, -86.911617)",gfs,218.14,-5,-7.05,6.01,0,0,0
1/16/2025 4:00,"(40.43093, -86.911617)",gfs,218.14,-5,-6.37,5.93,0,0,0
1/16/2025 5:00,"(40.43093, -86.911617)",gfs,218.14,-5,-6.45,5.65,0,0,0
1/16/2025 6:00,"(40.43093, -86.911617)",gfs,218.14,-5,-6.07,5.59,0,0,0
1/16/2025 7:00,"(40.43093, -86.911617)",gfs,218.14,-5,-6.16,5.12,0,0,0
1/16/2025 8:00,"(40.43093, -86.911617)",gfs,218.14,-5,-6.61,4.63,0,0,0
1/16/2025 9:00,"(40.43093, -86.911617)",gfs,218.14,-5,-5.76,5.07,63.32,11.6,0
1/16/2025 10:00,"(40.43093, -86.911617)",gfs,218.14,-5,-4.28,5.48,64.15,23.89,4.23
1/16/2025 11:00,"(40.43093, -86.911617)",gfs,218.14,-5,-2.22,6.01,178.07,56.61,1.95
1/16/2025 12:00,"(40.43093, -86.911617)",gfs,218.14,-5,-0.76,6.65,374.31,105.66,23.52
1/16/2025 13:00,"(40.43093, -86.911617)",gfs,218.14,-5,-0.61,7.43,288.82,135.45,17.66
1/16/2025 14:00,"(40.43093, -86.911617)",gfs,218.14,-5,-0.6,5.93,152.76,158.2,0
1/16/2025 15:00,"(40.43093, -86.911617)",gfs,218.14,-5,0.2,5.86,331.56,197.38,150.63
